customer_id,risk_tier,account_status,country,updated_at
37498,high,suspended,US,2025-04-24 00:00:00
21249,high,suspended,DE,2024-07-28 00:00:00
11316,high,suspended,UK,2024-06-13 00:00:00
15746,high,suspended,US,2024-10-19 00:00:00
1130,high,suspended,US,2024-10-04 00:00:00
15950,high,suspended,US,2024-09-23 00:00:00
24605,high,suspended,UK,2024-08-11 00:00:00
2370,high,suspended,FR,2024-07-23 00:00:00
7272,high,suspended,US,2025-05-13 00:00:00
19840,high,suspended,US,2025-03-07 00:00:00
9250,high,suspended,CA,2024-07-15 00:00:00
15410,high,suspended,CA,2025-03-30 00:00:00
9998,high,suspended,CA,2025-01-03 00:00:00
43327,high,suspended,FR,2024-06-17 00:00:00
258,high,suspended,US,2024-06-16 00:00:00
9090,high,suspended,UK,2024-07-18 00:00:00
49096,high,suspended,US,2024-09-20 00:00:00
29390,high,suspended,US,2024-09-28 00:00:00
17973,medium,suspended,US,2025-02-14 00:00:00
26530,high,suspended,US,2025-04-05 00:00:00
17925,high,suspended,US,2024-06-14 00:00:00
48624,high,suspended,US,2025-03-15 00:00:00
38268,high,suspended,US,2024-09-10 00:00:00
12827,high,suspended,US,2025-04-29 00:00:00
5822,high,suspended,UK,2025-05-26 00:00:00
27559,high,suspended,US,2025-03-07 00:00:00
7329,high,suspended,US,2025-01-01 00:00:00
12029,high,suspended,US,2024-09-21 00:00:00
23822,high,suspended,US,2025-01-16 00:00:00
31444,high,suspended,UK,2025-03-29 00:00:00
24486,high,suspended,UK,2024-10-21 00:00:00
25767,high,suspended,CA,2024-06-04 00:00:00
12994,high,suspended,FR,2024-08-21 00:00:00
31302,medium,suspended,FR,2025-05-24 00:00:00
31526,high,suspended,FR,2025-01-03 00:00:00
38118,high,suspended,US,2024-11-22 00:00:00
1394,high,suspended,CA,2024-10-21 00:00:00
44753,high,suspended,FR,2024-08-19 00:00:00
47763,high,suspended,US,2024-09-19 00:00:00
48397,high,suspended,CA,2024-11-20 00:00:00
39340,high,suspended,US,2024-07-23 00:00:00
2959,high,suspended,FR,2024-07-18 00:00:00
20774,high,suspended,US,2024-12-12 00:00:00
41383,high,suspended,US,2024-07-20 00:00:00
4743,high,suspended,US,2024-12-01 00:00:00
14763,high,suspended,UK,2024-11-24 00:00:00
45054,high,suspended,CA,2025-04-06 00:00:00
34181,high,suspended,FR,2024-10-14 00:00:00
42757,high,suspended,US,2024-06-23 00:00:00
29007,high,suspended,US,2025-01-22 00:00:00
49442,high,suspended,US,2025-03-02 00:00:00
15445,high,suspended,US,2024-08-03 00:00:00
1339,high,suspended,US,2024-12-11 00:00:00
48866,high,suspended,DE,2024-07-11 00:00:00
37496,high,suspended,CA,2025-03-10 00:00:00
13114,high,suspended,CA,2024-10-29 00:00:00
17635,high,suspended,US,2025-04-18 00:00:00
44696,high,suspended,CA,2025-04-13 00:00:00
5454,high,suspended,US,2024-12-03 00:00:00
35176,high,suspended,US,2025-03-23 00:00:00
26830,high,suspended,CA,2024-09-07 00:00:00
38851,high,suspended,US,2025-05-27 00:00:00
12480,high,suspended,US,2024-07-06 00:00:00
12379,high,suspended,US,2024-06-24 00:00:00
5222,high,suspended,US,2025-05-05 00:00:00
8684,high,suspended,DE,2024-09-25 00:00:00
2602,high,suspended,US,2024-10-27 00:00:00
45621,high,suspended,DE,2024-07-11 00:00:00
48597,high,suspended,US,2024-09-28 00:00:00
23372,high,suspended,CA,2024-07-22 00:00:00
24667,high,suspended,UK,2024-12-12 00:00:00
28778,high,suspended,US,2024-10-21 00:00:00
11750,high,suspended,CA,2025-01-19 00:00:00
27834,high,suspended,US,2025-04-22 00:00:00
42220,high,suspended,UK,2024-12-04 00:00:00
28088,high,suspended,CA,2024-08-23 00:00:00
24004,high,suspended,US,2024-12-07 00:00:00
11960,high,suspended,UK,2024-11-29 00:00:00
15400,high,suspended,US,2024-09-16 00:00:00
11895,high,suspended,US,2025-05-10 00:00:00
8693,high,suspended,DE,2024-10-15 00:00:00
39745,high,suspended,US,2025-05-26 00:00:00
5385,high,suspended,US,2025-05-16 00:00:00
32059,high,suspended,DE,2025-04-28 00:00:00
8394,high,suspended,CA,2024-07-07 00:00:00
14845,high,suspended,US,2025-04-08 00:00:00
26579,high,suspended,UK,2025-04-22 00:00:00
3601,high,suspended,US,2024-08-27 00:00:00
16140,high,suspended,US,2025-03-01 00:00:00
18801,high,suspended,DE,2024-10-04 00:00:00
47207,high,suspended,US,2024-08-23 00:00:00
30384,high,suspended,US,2025-01-23 00:00:00
40277,high,suspended,DE,2024-12-12 00:00:00
1432,high,suspended,US,2024-10-17 00:00:00
22612,high,suspended,US,2025-04-24 00:00:00
24885,high,suspended,US,2025-05-19 00:00:00
586,high,suspended,US,2025-03-13 00:00:00
7880,high,suspended,US,2024-09-21 00:00:00
30760,high,suspended,US,2025-05-17 00:00:00
2511,medium,suspended,UK,2024-11-14 00:00:00
21475,high,suspended,US,2024-06-29 00:00:00
22549,high,suspended,US,2024-09-26 00:00:00
17526,high,suspended,FR,2024-06-17 00:00:00
33337,high,suspended,DE,2024-11-09 00:00:00
39617,medium,suspended,US,2024-12-23 00:00:00
22467,high,suspended,US,2024-10-16 00:00:00
21111,high,suspended,US,2024-07-04 00:00:00
22002,high,suspended,UK,2024-09-17 00:00:00
37486,high,suspended,US,2025-03-18 00:00:00
24100,high,suspended,US,2024-11-09 00:00:00
85,high,suspended,FR,2024-09-17 00:00:00
2246,high,suspended,FR,2025-05-02 00:00:00
17487,high,suspended,FR,2025-02-11 00:00:00
2071,high,suspended,FR,2024-12-20 00:00:00
35165,high,suspended,US,2025-04-26 00:00:00
13440,high,suspended,US,2025-01-21 00:00:00
12179,high,suspended,US,2024-08-13 00:00:00
34642,high,suspended,US,2024-10-14 00:00:00
48371,high,suspended,DE,2024-08-11 00:00:00
25770,high,suspended,FR,2024-10-05 00:00:00
29572,high,suspended,US,2025-03-15 00:00:00
843,high,suspended,DE,2025-03-03 00:00:00
13129,high,suspended,US,2024-10-13 00:00:00
28266,high,suspended,FR,2025-03-27 00:00:00
13795,high,suspended,FR,2025-01-06 00:00:00
448,high,suspended,DE,2025-03-26 00:00:00
35474,high,suspended,FR,2024-12-22 00:00:00
12537,high,suspended,US,2024-12-03 00:00:00
47461,high,suspended,US,2024-09-21 00:00:00
49578,high,suspended,US,2024-08-10 00:00:00
39399,high,suspended,CA,2025-02-16 00:00:00
17589,high,suspended,US,2025-02-08 00:00:00
9881,high,suspended,US,2024-07-17 00:00:00
47340,high,suspended,UK,2024-06-25 00:00:00
27624,high,suspended,US,2024-07-27 00:00:00
3325,high,suspended,US,2024-08-18 00:00:00
9146,high,suspended,US,2025-04-18 00:00:00
34458,high,suspended,UK,2024-08-21 00:00:00
33296,high,suspended,DE,2025-05-15 00:00:00
2446,high,suspended,UK,2025-01-03 00:00:00
25908,high,suspended,US,2025-04-02 00:00:00
31092,high,suspended,US,2024-07-03 00:00:00
31692,high,suspended,DE,2024-12-15 00:00:00
37982,high,suspended,US,2024-12-13 00:00:00
16986,high,suspended,DE,2025-04-02 00:00:00
25633,high,suspended,US,2025-01-26 00:00:00
8288,high,suspended,CA,2025-02-26 00:00:00
1505,high,suspended,CA,2024-10-07 00:00:00
10429,high,suspended,UK,2025-03-11 00:00:00
28832,high,suspended,FR,2024-06-06 00:00:00
24867,high,suspended,US,2025-05-15 00:00:00
9499,high,suspended,US,2024-07-29 00:00:00
18049,high,suspended,UK,2025-05-16 00:00:00
42958,high,suspended,UK,2025-03-02 00:00:00
405,high,suspended,US,2024-10-15 00:00:00
11473,high,suspended,CA,2025-04-25 00:00:00
39192,high,suspended,UK,2024-11-22 00:00:00
23723,high,suspended,US,2024-07-28 00:00:00
27721,high,suspended,FR,2024-10-29 00:00:00
474,high,suspended,CA,2025-01-09 00:00:00
23091,high,suspended,US,2024-08-20 00:00:00
43475,high,suspended,US,2025-01-19 00:00:00
17998,high,suspended,US,2024-06-02 00:00:00
23042,high,suspended,US,2024-10-13 00:00:00
40739,high,suspended,US,2025-02-12 00:00:00
32604,medium,suspended,US,2024-08-31 00:00:00
25315,medium,suspended,DE,2025-02-15 00:00:00
48170,high,suspended,US,2024-07-25 00:00:00
16652,high,suspended,CA,2025-04-17 00:00:00
46528,high,suspended,US,2024-10-31 00:00:00
4404,high,suspended,US,2025-04-24 00:00:00
9048,high,suspended,DE,2025-02-15 00:00:00
9882,high,suspended,US,2025-04-08 00:00:00
40149,high,suspended,FR,2024-09-10 00:00:00
26183,high,suspended,UK,2024-08-18 00:00:00
9273,high,suspended,US,2024-12-09 00:00:00
3511,high,suspended,US,2024-08-22 00:00:00
19519,high,suspended,FR,2025-03-04 00:00:00
47845,high,suspended,US,2025-02-27 00:00:00
27593,high,suspended,UK,2024-06-01 00:00:00
14501,high,suspended,US,2025-04-03 00:00:00
32791,high,suspended,US,2024-11-13 00:00:00
47501,high,suspended,UK,2025-02-06 00:00:00
16980,high,suspended,FR,2024-06-10 00:00:00
2591,medium,suspended,US,2024-07-28 00:00:00
28380,high,suspended,DE,2024-12-03 00:00:00
17415,high,suspended,US,2024-11-05 00:00:00
13553,high,suspended,US,2024-10-01 00:00:00
848,medium,suspended,CA,2024-06-30 00:00:00
833,high,suspended,US,2024-10-02 00:00:00
40450,high,suspended,DE,2025-03-18 00:00:00
37687,high,suspended,US,2024-07-11 00:00:00
42116,high,suspended,US,2024-07-14 00:00:00
37464,high,suspended,US,2025-02-04 00:00:00
27900,high,suspended,US,2024-07-06 00:00:00
25388,high,suspended,US,2025-02-28 00:00:00
2499,high,suspended,US,2024-08-04 00:00:00
25145,high,suspended,UK,2024-08-05 00:00:00
23164,high,suspended,US,2025-05-04 00:00:00
9004,high,suspended,US,2025-01-30 00:00:00
49089,high,suspended,FR,2025-03-09 00:00:00
5862,high,suspended,US,2024-08-24 00:00:00
7508,high,suspended,UK,2024-10-14 00:00:00
1283,high,suspended,US,2025-02-26 00:00:00
16361,high,suspended,US,2025-04-07 00:00:00
10385,high,suspended,US,2025-01-03 00:00:00
42382,high,suspended,US,2024-09-17 00:00:00
23566,high,suspended,DE,2025-03-04 00:00:00
8932,high,suspended,US,2025-05-20 00:00:00
17642,high,suspended,US,2024-09-11 00:00:00
46569,high,suspended,US,2025-06-01 00:00:00
33419,high,suspended,US,2024-11-07 00:00:00
35112,high,suspended,US,2024-12-22 00:00:00
37647,high,suspended,US,2025-05-10 00:00:00
37122,high,suspended,DE,2025-04-29 00:00:00
39847,high,suspended,US,2024-12-09 00:00:00
22203,high,suspended,US,2025-01-11 00:00:00
42928,high,suspended,US,2025-02-20 00:00:00
3606,high,suspended,UK,2025-01-18 00:00:00
23360,high,suspended,US,2024-08-01 00:00:00
21198,high,suspended,CA,2024-10-05 00:00:00
46249,high,suspended,US,2024-09-24 00:00:00
41569,high,suspended,UK,2024-07-03 00:00:00
13750,high,suspended,DE,2024-11-21 00:00:00
35579,high,suspended,FR,2024-06-11 00:00:00
19631,high,suspended,US,2025-03-29 00:00:00
39470,high,suspended,US,2025-03-11 00:00:00
12622,high,suspended,US,2024-09-26 00:00:00
15542,high,suspended,UK,2025-03-29 00:00:00
22681,high,suspended,US,2024-09-21 00:00:00
16890,high,suspended,US,2024-06-04 00:00:00
34550,high,suspended,UK,2024-07-07 00:00:00
26546,high,suspended,FR,2025-05-29 00:00:00
31636,high,suspended,US,2025-04-20 00:00:00
29539,high,suspended,FR,2024-07-01 00:00:00
22513,high,suspended,US,2024-09-26 00:00:00
17202,high,suspended,CA,2024-07-05 00:00:00
11272,high,suspended,UK,2024-06-17 00:00:00
42178,medium,suspended,FR,2024-11-17 00:00:00
3439,medium,suspended,US,2024-07-07 00:00:00
7048,high,suspended,US,2025-02-19 00:00:00
21810,medium,suspended,UK,2024-09-30 00:00:00
12400,high,suspended,US,2024-10-21 00:00:00
25613,medium,suspended,US,2025-05-09 00:00:00
38648,high,suspended,US,2025-02-04 00:00:00
43487,high,suspended,US,2024-09-18 00:00:00
48094,high,suspended,US,2025-03-04 00:00:00
30638,high,suspended,US,2024-08-07 00:00:00
4380,high,suspended,US,2025-03-20 00:00:00
28915,high,suspended,UK,2025-03-23 00:00:00
36572,high,suspended,DE,2025-01-29 00:00:00
37367,high,suspended,US,2024-10-03 00:00:00
42787,high,suspended,US,2025-01-29 00:00:00
8658,high,suspended,US,2024-12-26 00:00:00
37484,high,suspended,US,2024-09-06 00:00:00
48685,high,suspended,US,2024-07-19 00:00:00
39053,high,suspended,US,2024-07-20 00:00:00
21054,high,suspended,DE,2025-05-04 00:00:00
39703,high,suspended,DE,2025-01-07 00:00:00
31314,high,suspended,FR,2024-11-29 00:00:00
28168,high,suspended,DE,2025-01-03 00:00:00
35107,high,suspended,UK,2024-12-28 00:00:00
45683,high,suspended,US,2025-01-26 00:00:00
23650,high,suspended,US,2024-06-28 00:00:00
37452,high,suspended,US,2025-05-11 00:00:00
9161,high,suspended,US,2025-05-01 00:00:00
10420,high,suspended,US,2025-04-27 00:00:00
34927,high,suspended,US,2024-07-21 00:00:00
2929,high,suspended,UK,2024-07-02 00:00:00
45291,high,suspended,US,2024-12-24 00:00:00
45423,high,suspended,DE,2024-11-21 00:00:00
4662,medium,suspended,US,2024-07-26 00:00:00
15030,high,suspended,US,2024-10-06 00:00:00
17177,high,suspended,US,2024-09-07 00:00:00
27866,high,suspended,US,2024-09-06 00:00:00
30865,high,suspended,UK,2025-03-02 00:00:00
36082,high,suspended,UK,2025-01-16 00:00:00
11762,high,suspended,US,2024-08-11 00:00:00
34610,high,suspended,US,2025-01-03 00:00:00
5645,high,suspended,US,2024-09-02 00:00:00
13010,high,suspended,UK,2024-10-21 00:00:00
43359,high,suspended,US,2025-01-23 00:00:00
32477,high,suspended,US,2024-10-06 00:00:00
33907,high,suspended,US,2024-07-09 00:00:00
3914,high,suspended,CA,2025-01-13 00:00:00
33102,high,suspended,FR,2025-03-09 00:00:00
7694,high,suspended,US,2024-07-21 00:00:00
23590,high,suspended,UK,2024-06-26 00:00:00
34838,high,suspended,UK,2025-04-30 00:00:00
33865,high,suspended,US,2025-03-04 00:00:00
17502,high,suspended,UK,2024-06-08 00:00:00
31009,high,suspended,US,2024-07-18 00:00:00
46959,high,suspended,US,2024-09-30 00:00:00
24642,medium,suspended,CA,2024-08-25 00:00:00
22539,high,suspended,UK,2024-12-26 00:00:00
19568,high,suspended,US,2025-02-04 00:00:00
15361,high,suspended,CA,2025-02-02 00:00:00
35640,high,suspended,US,2024-09-18 00:00:00
19408,high,suspended,US,2024-12-23 00:00:00
22471,high,suspended,US,2024-07-01 00:00:00
6762,high,suspended,US,2024-08-24 00:00:00
43566,high,suspended,US,2024-12-12 00:00:00
14417,high,suspended,UK,2024-06-02 00:00:00
19992,high,suspended,UK,2024-12-17 00:00:00
29465,high,suspended,FR,2024-10-14 00:00:00
34814,high,suspended,US,2025-01-19 00:00:00
16488,high,suspended,FR,2024-10-25 00:00:00
14635,high,suspended,FR,2025-01-03 00:00:00
1700,high,suspended,US,2025-05-23 00:00:00
3890,high,suspended,US,2025-03-12 00:00:00
27185,high,suspended,UK,2025-05-05 00:00:00
10388,high,suspended,US,2025-02-05 00:00:00
42835,high,suspended,CA,2024-08-19 00:00:00
16552,high,suspended,UK,2024-09-06 00:00:00
9939,high,suspended,UK,2024-10-30 00:00:00
28952,high,suspended,US,2024-09-20 00:00:00
44186,high,suspended,US,2024-06-30 00:00:00
44111,high,suspended,US,2025-03-24 00:00:00
41857,high,suspended,CA,2025-03-05 00:00:00
41803,high,suspended,UK,2024-07-02 00:00:00
9744,high,suspended,US,2024-11-08 00:00:00
1458,high,suspended,UK,2024-06-30 00:00:00
22060,medium,suspended,US,2024-06-26 00:00:00
3460,high,suspended,US,2025-03-27 00:00:00
30281,high,suspended,US,2025-01-31 00:00:00
43813,high,suspended,UK,2025-02-13 00:00:00
48111,high,suspended,UK,2025-02-27 00:00:00
19896,medium,suspended,US,2024-08-20 00:00:00
43823,high,suspended,UK,2024-06-30 00:00:00
3476,high,suspended,US,2025-02-16 00:00:00
45707,high,suspended,US,2024-07-12 00:00:00
10502,high,suspended,UK,2024-09-04 00:00:00
7529,high,suspended,US,2024-07-06 00:00:00
25183,high,suspended,CA,2025-04-01 00:00:00
41445,high,suspended,US,2024-07-05 00:00:00
7670,high,suspended,CA,2025-05-12 00:00:00
28189,high,suspended,US,2024-09-29 00:00:00
26976,high,suspended,US,2024-12-24 00:00:00
2903,high,suspended,CA,2024-08-01 00:00:00
9401,high,suspended,US,2025-03-19 00:00:00
19754,high,suspended,UK,2024-10-05 00:00:00
12664,high,suspended,US,2025-03-24 00:00:00
11274,high,suspended,US,2025-04-01 00:00:00
40098,high,suspended,UK,2024-06-21 00:00:00
48508,high,suspended,US,2025-04-14 00:00:00
11723,high,suspended,UK,2024-07-12 00:00:00
15696,high,suspended,US,2025-01-01 00:00:00
28804,medium,suspended,US,2025-05-03 00:00:00
15964,high,suspended,US,2025-03-26 00:00:00
45309,high,suspended,US,2025-03-17 00:00:00
2503,high,suspended,CA,2025-02-23 00:00:00
33509,high,suspended,US,2024-11-09 00:00:00
43223,high,suspended,US,2024-10-12 00:00:00
44728,high,suspended,US,2024-09-13 00:00:00
2092,high,suspended,CA,2025-05-09 00:00:00
5969,high,suspended,US,2024-11-08 00:00:00
16282,high,suspended,US,2024-10-01 00:00:00
10146,high,suspended,US,2024-10-14 00:00:00
29852,high,suspended,UK,2024-12-20 00:00:00
38287,high,suspended,US,2024-08-07 00:00:00
16621,high,suspended,US,2025-05-10 00:00:00
28905,high,suspended,US,2025-04-27 00:00:00
11595,high,suspended,US,2024-11-01 00:00:00
11146,high,suspended,US,2025-01-21 00:00:00
26737,high,suspended,US,2024-11-09 00:00:00
2945,high,suspended,US,2024-07-08 00:00:00
36163,high,suspended,US,2024-06-05 00:00:00
7458,high,suspended,UK,2025-01-21 00:00:00
18298,high,suspended,CA,2025-04-15 00:00:00
40223,high,suspended,US,2025-03-16 00:00:00
18922,high,suspended,US,2024-07-22 00:00:00
30569,high,suspended,UK,2024-07-08 00:00:00
11040,high,suspended,US,2025-03-03 00:00:00
35392,medium,suspended,US,2024-09-18 00:00:00
15253,high,suspended,DE,2025-02-15 00:00:00
28667,high,suspended,UK,2024-10-14 00:00:00
7442,high,suspended,CA,2024-08-07 00:00:00
19361,high,suspended,US,2024-11-26 00:00:00
23420,high,suspended,UK,2024-07-06 00:00:00
10571,high,suspended,US,2024-10-04 00:00:00
6011,high,suspended,DE,2024-12-07 00:00:00
420,high,suspended,DE,2024-10-24 00:00:00
3735,high,suspended,US,2024-08-20 00:00:00
17226,high,suspended,UK,2025-01-11 00:00:00
27449,high,suspended,US,2025-03-06 00:00:00
23027,high,suspended,UK,2025-05-27 00:00:00
42394,high,suspended,US,2024-11-02 00:00:00
14672,high,suspended,US,2025-04-10 00:00:00
24030,high,suspended,FR,2025-05-01 00:00:00
27106,high,suspended,UK,2025-02-26 00:00:00
43536,medium,suspended,US,2024-06-05 00:00:00
35488,high,suspended,US,2025-05-08 00:00:00
3949,high,suspended,FR,2025-03-11 00:00:00
36887,high,suspended,US,2024-11-01 00:00:00
34072,high,suspended,US,2025-05-06 00:00:00
43077,high,suspended,UK,2024-07-24 00:00:00
49029,high,suspended,US,2024-08-08 00:00:00
38896,medium,suspended,US,2024-10-14 00:00:00
47664,high,suspended,DE,2024-07-30 00:00:00
44539,high,suspended,FR,2024-07-25 00:00:00
45008,high,suspended,US,2025-03-11 00:00:00
15372,high,suspended,UK,2024-08-19 00:00:00
5575,high,suspended,US,2024-10-18 00:00:00
12896,high,suspended,CA,2024-10-23 00:00:00
12462,high,suspended,US,2025-04-06 00:00:00
31389,high,suspended,DE,2024-09-16 00:00:00
41988,high,suspended,UK,2024-11-23 00:00:00
17399,high,suspended,US,2024-09-13 00:00:00
46644,high,suspended,US,2025-05-18 00:00:00
7306,medium,suspended,US,2025-04-21 00:00:00
4853,high,suspended,US,2024-10-14 00:00:00
46020,high,suspended,US,2025-02-14 00:00:00
14394,high,suspended,DE,2025-02-06 00:00:00
44298,high,suspended,UK,2024-10-07 00:00:00
3221,high,suspended,US,2024-06-27 00:00:00
33275,high,suspended,CA,2024-07-18 00:00:00
16173,high,suspended,US,2025-04-21 00:00:00
11164,high,suspended,UK,2025-01-03 00:00:00
2384,high,suspended,US,2024-10-20 00:00:00
46645,high,suspended,US,2024-06-23 00:00:00
22970,medium,suspended,US,2024-06-02 00:00:00
2170,high,suspended,UK,2024-11-18 00:00:00
9168,high,suspended,UK,2024-08-06 00:00:00
48254,high,suspended,US,2025-04-23 00:00:00
39058,high,suspended,FR,2024-10-13 00:00:00
38899,high,suspended,US,2024-08-22 00:00:00
46111,high,suspended,US,2025-01-13 00:00:00
32762,high,suspended,FR,2025-03-10 00:00:00
40148,high,suspended,US,2025-05-28 00:00:00
32358,high,suspended,UK,2025-01-05 00:00:00
43805,high,suspended,FR,2025-03-15 00:00:00
23960,high,suspended,US,2024-06-05 00:00:00
34296,high,suspended,US,2024-07-28 00:00:00
11449,high,suspended,US,2024-07-09 00:00:00
39505,high,suspended,DE,2025-05-20 00:00:00
49967,high,suspended,US,2024-08-16 00:00:00
19638,high,suspended,US,2025-03-07 00:00:00
7237,high,suspended,UK,2024-06-19 00:00:00
11640,high,suspended,CA,2024-12-07 00:00:00
39238,high,suspended,US,2025-03-26 00:00:00
12884,high,suspended,US,2025-03-10 00:00:00
25184,medium,suspended,US,2024-08-15 00:00:00
17691,medium,suspended,US,2025-01-07 00:00:00
29068,high,suspended,UK,2024-08-05 00:00:00
27829,high,suspended,FR,2024-06-22 00:00:00
46500,high,suspended,US,2024-11-05 00:00:00
48411,high,suspended,DE,2024-12-04 00:00:00
27532,high,suspended,US,2024-06-21 00:00:00
47107,high,suspended,CA,2024-12-01 00:00:00
28370,high,suspended,UK,2024-09-16 00:00:00
21719,high,suspended,UK,2025-05-16 00:00:00
19269,high,suspended,UK,2024-10-06 00:00:00
25320,high,suspended,UK,2025-05-08 00:00:00
12923,high,suspended,UK,2024-07-23 00:00:00
20453,high,suspended,CA,2024-11-29 00:00:00
20545,high,suspended,US,2025-03-14 00:00:00
27166,high,suspended,DE,2024-12-26 00:00:00
25114,high,suspended,CA,2025-04-14 00:00:00
11039,high,suspended,US,2024-08-19 00:00:00
17919,high,suspended,US,2024-09-30 00:00:00
48033,medium,suspended,FR,2024-08-23 00:00:00
18622,high,suspended,FR,2024-08-30 00:00:00
13752,high,suspended,DE,2024-12-29 00:00:00
46480,high,suspended,US,2024-06-13 00:00:00
3831,high,suspended,UK,2024-08-31 00:00:00
6582,high,suspended,CA,2024-11-18 00:00:00
14122,high,suspended,US,2024-12-28 00:00:00
32292,high,suspended,US,2025-05-09 00:00:00
3348,high,suspended,US,2024-10-06 00:00:00
9721,high,suspended,US,2024-10-15 00:00:00
26730,high,suspended,US,2024-08-21 00:00:00
4202,high,suspended,US,2025-05-26 00:00:00
4281,high,suspended,FR,2024-07-26 00:00:00
48435,high,suspended,US,2024-12-13 00:00:00
38994,high,suspended,CA,2024-06-20 00:00:00
9664,high,suspended,CA,2025-01-27 00:00:00
4065,high,suspended,FR,2024-09-22 00:00:00
28567,high,suspended,US,2024-09-11 00:00:00
13067,medium,suspended,US,2025-01-22 00:00:00
28757,high,suspended,FR,2024-11-27 00:00:00
36040,high,suspended,US,2024-11-04 00:00:00
12919,high,suspended,UK,2024-09-25 00:00:00
8362,high,suspended,US,2024-09-23 00:00:00
12546,high,suspended,CA,2024-06-13 00:00:00
27153,high,suspended,US,2025-05-04 00:00:00
35864,high,suspended,UK,2024-09-07 00:00:00
44915,high,suspended,DE,2024-12-22 00:00:00
27344,high,suspended,US,2024-11-16 00:00:00
38670,high,suspended,US,2024-10-21 00:00:00
31761,high,suspended,US,2024-07-06 00:00:00
1148,high,suspended,US,2024-10-21 00:00:00
18027,high,suspended,CA,2024-11-27 00:00:00
38369,high,suspended,US,2025-04-25 00:00:00
7102,medium,suspended,US,2025-02-16 00:00:00
20547,medium,suspended,US,2024-12-22 00:00:00
13161,high,suspended,US,2025-05-14 00:00:00
48650,high,suspended,US,2025-03-02 00:00:00
33826,high,suspended,DE,2024-11-17 00:00:00
2216,high,suspended,CA,2024-06-15 00:00:00
18766,high,suspended,US,2024-07-30 00:00:00
27460,high,suspended,UK,2024-10-12 00:00:00
5034,high,suspended,FR,2024-08-31 00:00:00
44946,high,suspended,US,2025-03-25 00:00:00
36399,high,suspended,US,2024-10-14 00:00:00
42756,high,suspended,US,2024-06-20 00:00:00
24541,high,suspended,US,2024-07-26 00:00:00
6127,high,suspended,CA,2025-04-02 00:00:00
9470,high,suspended,UK,2025-01-09 00:00:00
17276,high,suspended,US,2024-11-24 00:00:00
30988,high,suspended,US,2024-11-08 00:00:00
4577,high,suspended,US,2025-01-10 00:00:00
4655,high,suspended,US,2025-04-07 00:00:00
22481,high,suspended,US,2025-02-17 00:00:00
23494,high,suspended,UK,2024-07-30 00:00:00
43957,high,suspended,UK,2024-12-15 00:00:00
32764,high,suspended,US,2025-03-23 00:00:00
38065,high,suspended,US,2024-09-06 00:00:00
41393,high,suspended,US,2024-10-09 00:00:00
36255,high,suspended,US,2024-06-23 00:00:00
20064,high,suspended,UK,2025-05-29 00:00:00
3979,high,suspended,US,2025-01-10 00:00:00
33206,high,suspended,US,2024-06-01 00:00:00
25279,high,suspended,US,2025-02-22 00:00:00
23602,high,suspended,US,2025-03-03 00:00:00
1363,high,suspended,UK,2025-05-18 00:00:00
76,high,suspended,US,2025-05-10 00:00:00
117,high,suspended,US,2024-09-09 00:00:00
44931,high,suspended,US,2024-12-04 00:00:00
22955,high,suspended,US,2025-01-07 00:00:00
8862,high,suspended,US,2024-07-06 00:00:00
15485,high,suspended,FR,2025-05-07 00:00:00
14969,high,suspended,US,2024-11-17 00:00:00
17633,high,suspended,US,2025-04-16 00:00:00
17686,high,suspended,US,2024-11-08 00:00:00
19526,high,suspended,US,2025-05-06 00:00:00
8183,high,suspended,DE,2024-08-03 00:00:00
26627,high,suspended,US,2024-11-01 00:00:00
49318,high,suspended,DE,2025-02-15 00:00:00
14891,high,suspended,UK,2024-11-06 00:00:00
34123,high,suspended,UK,2025-05-08 00:00:00
16957,high,suspended,US,2024-12-27 00:00:00
34995,high,suspended,US,2024-11-15 00:00:00
48401,high,suspended,UK,2024-12-24 00:00:00
17232,high,suspended,UK,2025-05-23 00:00:00
1351,high,suspended,US,2024-10-30 00:00:00
14933,high,suspended,FR,2025-03-11 00:00:00
46955,high,suspended,US,2024-08-05 00:00:00
9287,high,suspended,UK,2024-09-07 00:00:00
3526,high,suspended,US,2025-01-02 00:00:00
15311,high,suspended,DE,2025-05-07 00:00:00
31964,high,suspended,US,2024-12-12 00:00:00
9300,high,suspended,CA,2025-05-13 00:00:00
11341,high,suspended,CA,2024-08-29 00:00:00
43961,high,suspended,CA,2025-04-12 00:00:00
1291,medium,suspended,UK,2025-03-19 00:00:00
26278,high,suspended,CA,2024-11-02 00:00:00
36200,high,suspended,US,2024-12-25 00:00:00
41512,high,suspended,US,2025-03-08 00:00:00
17309,high,suspended,DE,2024-06-01 00:00:00
31497,high,suspended,US,2024-11-03 00:00:00
28950,medium,suspended,FR,2024-10-25 00:00:00
23562,high,suspended,UK,2024-09-16 00:00:00
35074,high,suspended,DE,2025-01-07 00:00:00
2265,high,suspended,US,2025-03-24 00:00:00
43637,high,suspended,UK,2025-04-07 00:00:00
9838,high,suspended,US,2025-05-02 00:00:00
33354,high,suspended,FR,2024-11-12 00:00:00
42192,high,suspended,UK,2025-01-25 00:00:00
5676,high,suspended,DE,2025-01-13 00:00:00
44408,high,suspended,US,2025-01-13 00:00:00
16693,high,suspended,CA,2025-05-12 00:00:00
23018,high,suspended,DE,2024-09-18 00:00:00
28652,high,suspended,US,2025-02-17 00:00:00
30682,high,suspended,US,2025-01-29 00:00:00
35857,high,suspended,US,2024-08-26 00:00:00
8081,high,suspended,FR,2025-05-04 00:00:00
33474,high,suspended,US,2024-07-14 00:00:00
18774,high,suspended,US,2024-10-24 00:00:00
46454,high,suspended,DE,2025-02-19 00:00:00
10251,high,suspended,US,2025-05-06 00:00:00
14128,high,suspended,US,2025-04-21 00:00:00
20383,high,suspended,FR,2025-04-14 00:00:00
8733,high,suspended,US,2024-11-19 00:00:00
34059,high,suspended,US,2024-07-18 00:00:00
27983,high,suspended,US,2024-09-29 00:00:00
36512,high,suspended,US,2025-05-11 00:00:00
16504,high,suspended,FR,2024-11-06 00:00:00
29716,high,suspended,US,2024-09-24 00:00:00
17823,high,suspended,US,2024-09-10 00:00:00
4159,high,suspended,US,2024-08-15 00:00:00
17594,high,suspended,US,2024-06-13 00:00:00
13059,high,suspended,US,2024-06-24 00:00:00
30113,high,suspended,CA,2024-10-04 00:00:00
23901,high,suspended,FR,2025-01-30 00:00:00
41167,medium,suspended,UK,2025-04-09 00:00:00
19931,medium,suspended,US,2024-07-08 00:00:00
1832,high,suspended,UK,2025-01-20 00:00:00
7972,high,suspended,UK,2024-12-30 00:00:00
19475,high,suspended,US,2025-04-19 00:00:00
49730,high,suspended,US,2025-03-22 00:00:00
36046,high,suspended,CA,2024-09-08 00:00:00
13223,high,suspended,DE,2025-05-23 00:00:00
19728,high,suspended,US,2024-12-14 00:00:00
29096,high,suspended,US,2025-02-09 00:00:00
15438,high,suspended,US,2024-12-22 00:00:00
32667,high,suspended,US,2024-10-03 00:00:00
25216,high,suspended,US,2024-08-15 00:00:00
19051,high,suspended,UK,2025-05-02 00:00:00
32858,high,suspended,FR,2025-05-19 00:00:00
9774,medium,suspended,US,2024-06-03 00:00:00
41269,high,suspended,CA,2024-07-25 00:00:00
37425,high,suspended,US,2025-01-04 00:00:00
16937,high,suspended,FR,2024-09-21 00:00:00
1613,high,suspended,US,2024-08-30 00:00:00
16037,high,suspended,CA,2025-05-23 00:00:00
30429,high,suspended,US,2025-02-21 00:00:00
22188,high,suspended,US,2025-01-24 00:00:00
4482,high,suspended,US,2024-06-26 00:00:00
21478,high,suspended,US,2025-03-13 00:00:00
491,high,suspended,US,2024-10-06 00:00:00
2946,high,suspended,US,2024-08-02 00:00:00
36619,high,suspended,US,2025-01-20 00:00:00
26817,high,suspended,DE,2024-08-08 00:00:00
41031,high,suspended,CA,2025-01-24 00:00:00
5547,high,suspended,US,2025-05-08 00:00:00
969,high,suspended,FR,2025-02-27 00:00:00
46194,high,suspended,UK,2025-03-14 00:00:00
8,high,suspended,US,2025-04-01 00:00:00
7082,high,suspended,US,2024-11-10 00:00:00
9123,high,suspended,US,2025-01-13 00:00:00
3293,high,suspended,US,2025-04-10 00:00:00
28426,high,suspended,US,2025-02-14 00:00:00
36892,high,suspended,US,2025-01-05 00:00:00
29863,high,suspended,US,2025-03-08 00:00:00
37360,high,suspended,CA,2025-01-15 00:00:00
31279,high,suspended,US,2024-08-21 00:00:00
48438,high,suspended,US,2025-01-30 00:00:00
22408,high,suspended,US,2025-01-17 00:00:00
3598,high,suspended,US,2024-10-11 00:00:00
3873,high,suspended,US,2024-10-05 00:00:00
24943,high,suspended,US,2025-04-23 00:00:00
42148,high,suspended,US,2024-10-20 00:00:00
16159,high,suspended,DE,2025-02-22 00:00:00
47247,high,suspended,US,2025-02-04 00:00:00
27713,high,suspended,UK,2025-04-17 00:00:00
12818,high,suspended,DE,2024-10-01 00:00:00
35184,high,suspended,US,2024-10-19 00:00:00
11756,high,suspended,US,2025-01-12 00:00:00
8463,high,suspended,CA,2024-07-10 00:00:00
15754,high,suspended,US,2025-06-01 00:00:00
13906,high,suspended,DE,2024-10-25 00:00:00
31917,high,suspended,US,2024-09-29 00:00:00
410,high,suspended,DE,2024-10-18 00:00:00
17525,high,suspended,FR,2024-11-19 00:00:00
20804,high,suspended,UK,2024-11-11 00:00:00
382,high,suspended,US,2025-03-04 00:00:00
32402,high,suspended,DE,2024-07-12 00:00:00
3915,high,suspended,US,2024-08-10 00:00:00
17282,high,suspended,DE,2024-08-17 00:00:00
19579,medium,suspended,US,2024-09-27 00:00:00
6505,high,suspended,US,2024-12-14 00:00:00
28375,high,suspended,US,2025-05-22 00:00:00
18109,high,suspended,US,2024-08-18 00:00:00
45344,high,suspended,US,2025-05-28 00:00:00
25829,medium,suspended,US,2024-09-18 00:00:00
845,high,suspended,UK,2024-07-03 00:00:00
38655,high,suspended,US,2024-12-30 00:00:00
29741,high,suspended,US,2024-12-26 00:00:00
27364,high,suspended,UK,2024-11-17 00:00:00
42086,high,suspended,US,2025-03-05 00:00:00
34949,medium,suspended,US,2025-01-25 00:00:00
6386,high,suspended,FR,2024-12-30 00:00:00
24303,high,suspended,US,2024-07-02 00:00:00
19782,high,suspended,US,2024-09-14 00:00:00
15433,high,suspended,US,2025-01-02 00:00:00
14374,high,suspended,US,2024-12-17 00:00:00
41873,high,suspended,US,2025-03-27 00:00:00
20890,high,suspended,UK,2025-05-23 00:00:00
36792,medium,suspended,UK,2024-06-11 00:00:00
2762,high,suspended,UK,2025-03-22 00:00:00
33821,high,suspended,US,2024-12-12 00:00:00
30900,high,suspended,US,2025-01-31 00:00:00
35581,high,suspended,UK,2024-06-04 00:00:00
8672,high,suspended,US,2024-11-28 00:00:00
11443,high,suspended,US,2024-10-31 00:00:00
25572,high,suspended,US,2024-12-17 00:00:00
28372,high,suspended,UK,2025-01-01 00:00:00
29654,high,suspended,US,2025-03-03 00:00:00
20717,high,suspended,US,2025-03-07 00:00:00
37937,high,suspended,CA,2025-04-05 00:00:00
38032,high,suspended,CA,2024-09-21 00:00:00
23797,high,suspended,UK,2025-02-05 00:00:00
10346,high,suspended,DE,2024-09-21 00:00:00
48218,high,suspended,FR,2024-10-18 00:00:00
41185,high,suspended,US,2025-01-10 00:00:00
19092,high,suspended,CA,2025-02-04 00:00:00
4496,high,suspended,US,2024-06-15 00:00:00
11214,high,suspended,US,2024-12-17 00:00:00
16289,high,suspended,US,2024-11-20 00:00:00
36970,high,suspended,US,2025-05-09 00:00:00
14080,high,suspended,US,2025-05-14 00:00:00
858,high,suspended,US,2024-12-25 00:00:00
16969,high,suspended,CA,2024-08-24 00:00:00
6604,high,suspended,US,2025-01-26 00:00:00
2048,high,suspended,US,2024-08-05 00:00:00
18779,high,suspended,US,2025-04-15 00:00:00
18656,high,suspended,US,2025-03-01 00:00:00
45784,high,suspended,US,2024-06-14 00:00:00
49472,high,suspended,FR,2024-12-19 00:00:00
21530,high,suspended,US,2025-03-31 00:00:00
35011,high,suspended,US,2025-03-16 00:00:00
23379,high,suspended,UK,2025-05-06 00:00:00
6380,high,suspended,US,2024-06-14 00:00:00
31517,high,suspended,US,2024-07-13 00:00:00
9189,high,suspended,US,2025-04-26 00:00:00
42160,high,suspended,US,2025-01-06 00:00:00
762,high,suspended,US,2024-08-09 00:00:00
6591,high,suspended,FR,2025-01-23 00:00:00
32782,medium,suspended,UK,2024-09-02 00:00:00
39927,high,suspended,US,2024-06-26 00:00:00
40673,high,suspended,DE,2024-10-12 00:00:00
43700,high,suspended,US,2024-12-12 00:00:00
36152,high,suspended,UK,2024-11-15 00:00:00
38625,high,suspended,DE,2024-09-17 00:00:00
5047,high,suspended,US,2025-01-19 00:00:00
37210,high,suspended,US,2024-11-15 00:00:00
12708,high,suspended,FR,2024-11-20 00:00:00
46631,high,suspended,UK,2024-12-12 00:00:00
13416,high,suspended,US,2024-10-21 00:00:00
20628,high,suspended,FR,2025-01-02 00:00:00
42938,high,suspended,FR,2024-10-08 00:00:00
9853,high,suspended,CA,2024-07-12 00:00:00
39434,high,suspended,UK,2025-01-27 00:00:00
36039,high,suspended,DE,2024-06-10 00:00:00
6460,high,suspended,US,2025-03-04 00:00:00
11573,high,suspended,US,2024-06-27 00:00:00
43915,high,suspended,DE,2024-11-27 00:00:00
46997,high,suspended,US,2024-09-23 00:00:00
10246,high,suspended,US,2025-04-29 00:00:00
36304,high,suspended,CA,2024-07-06 00:00:00
42096,high,suspended,UK,2025-04-30 00:00:00
4127,high,suspended,UK,2024-06-21 00:00:00
49680,high,suspended,CA,2024-06-16 00:00:00
24630,high,suspended,US,2024-10-05 00:00:00
23657,medium,suspended,US,2024-09-11 00:00:00
2483,high,suspended,UK,2024-06-11 00:00:00
26600,high,suspended,US,2025-04-15 00:00:00
12614,high,suspended,UK,2024-08-18 00:00:00
13793,high,suspended,US,2024-10-01 00:00:00
42865,high,suspended,US,2024-08-04 00:00:00
18427,high,suspended,UK,2025-01-29 00:00:00
6364,high,suspended,US,2025-05-09 00:00:00
16841,high,suspended,US,2024-07-29 00:00:00
33968,high,suspended,US,2025-03-16 00:00:00
33144,high,suspended,US,2024-09-20 00:00:00
44740,high,suspended,US,2025-01-25 00:00:00
31743,high,suspended,US,2025-05-25 00:00:00
42799,high,suspended,UK,2024-10-10 00:00:00
18230,high,suspended,US,2024-12-06 00:00:00
14287,high,suspended,US,2024-08-25 00:00:00
14924,medium,suspended,DE,2025-04-07 00:00:00
22146,high,suspended,US,2025-04-07 00:00:00
15562,high,suspended,US,2024-07-29 00:00:00
47,high,suspended,US,2024-08-23 00:00:00
25319,high,suspended,US,2024-11-07 00:00:00
17896,high,suspended,UK,2024-07-26 00:00:00
22872,medium,suspended,US,2025-03-24 00:00:00
35635,high,suspended,US,2024-06-14 00:00:00
13876,high,suspended,UK,2024-11-07 00:00:00
47874,high,suspended,UK,2025-03-22 00:00:00
44246,high,suspended,US,2025-05-13 00:00:00
9757,high,suspended,US,2024-12-10 00:00:00
9548,high,suspended,US,2024-12-21 00:00:00
8360,high,suspended,UK,2024-09-10 00:00:00
37373,high,suspended,US,2024-07-09 00:00:00
4923,high,suspended,US,2025-03-31 00:00:00
34452,high,suspended,US,2025-05-20 00:00:00
6339,high,suspended,US,2025-04-18 00:00:00
30797,high,suspended,US,2024-10-03 00:00:00
46244,high,suspended,UK,2024-07-23 00:00:00
25071,high,suspended,US,2025-05-23 00:00:00
5324,high,suspended,CA,2024-11-02 00:00:00
15922,high,suspended,DE,2025-05-17 00:00:00
33609,high,suspended,US,2025-04-04 00:00:00
24155,medium,suspended,US,2024-08-01 00:00:00
5161,high,suspended,FR,2025-03-17 00:00:00
594,high,suspended,US,2024-06-22 00:00:00
5201,high,suspended,DE,2024-11-25 00:00:00
31934,high,suspended,US,2025-02-28 00:00:00
44573,high,suspended,US,2025-01-06 00:00:00
19118,high,suspended,DE,2025-05-05 00:00:00
40930,high,suspended,UK,2024-12-07 00:00:00
8554,high,suspended,US,2024-07-06 00:00:00
39280,high,suspended,UK,2025-02-15 00:00:00
11248,high,suspended,US,2025-04-28 00:00:00
37729,high,suspended,US,2024-11-22 00:00:00
45192,high,suspended,US,2024-06-07 00:00:00
49655,high,suspended,FR,2025-01-02 00:00:00
16596,high,suspended,UK,2025-02-06 00:00:00
35164,high,suspended,UK,2024-07-25 00:00:00
37520,high,suspended,US,2025-01-08 00:00:00
24489,high,suspended,US,2024-12-03 00:00:00
5736,high,suspended,DE,2025-04-22 00:00:00
38603,high,suspended,FR,2025-01-22 00:00:00
48255,high,suspended,CA,2025-05-29 00:00:00
34304,high,suspended,UK,2024-08-18 00:00:00
31377,high,suspended,UK,2025-01-09 00:00:00
2096,high,suspended,US,2024-08-30 00:00:00
8476,high,suspended,US,2025-02-23 00:00:00
26191,high,suspended,US,2025-04-30 00:00:00
10394,high,suspended,UK,2024-10-17 00:00:00
8696,high,suspended,UK,2025-04-12 00:00:00
19757,high,suspended,US,2025-03-03 00:00:00
37761,high,suspended,UK,2025-02-03 00:00:00
46301,high,suspended,FR,2025-01-25 00:00:00
46792,medium,suspended,US,2025-01-10 00:00:00
7688,high,suspended,UK,2025-03-31 00:00:00
31212,high,suspended,CA,2024-10-16 00:00:00
28229,high,suspended,CA,2024-11-13 00:00:00
10630,high,suspended,UK,2024-10-04 00:00:00
47831,high,suspended,US,2024-07-15 00:00:00
49663,high,suspended,US,2024-10-21 00:00:00
6986,high,suspended,US,2025-01-17 00:00:00
29037,high,suspended,US,2024-10-03 00:00:00
24890,high,suspended,DE,2025-01-24 00:00:00
8576,high,suspended,CA,2025-03-19 00:00:00
16149,high,suspended,US,2025-04-09 00:00:00
5703,high,suspended,US,2025-05-09 00:00:00
32820,high,suspended,CA,2024-12-12 00:00:00
16800,high,suspended,US,2024-11-20 00:00:00
32284,high,suspended,US,2024-06-15 00:00:00
3942,high,suspended,FR,2025-02-09 00:00:00
20368,high,suspended,DE,2024-11-14 00:00:00
38777,high,suspended,US,2024-09-02 00:00:00
1674,high,suspended,US,2025-02-05 00:00:00
5688,high,suspended,US,2024-09-17 00:00:00
49956,high,suspended,US,2024-11-29 00:00:00
21386,high,suspended,UK,2024-10-11 00:00:00
30413,high,suspended,US,2024-11-22 00:00:00
38936,high,suspended,US,2024-10-22 00:00:00
24264,high,suspended,US,2025-04-02 00:00:00
13955,high,suspended,US,2025-05-26 00:00:00
35672,high,suspended,US,2024-10-20 00:00:00
10454,high,suspended,US,2025-03-12 00:00:00
19245,high,suspended,UK,2024-06-06 00:00:00
35929,high,suspended,US,2025-02-20 00:00:00
40968,high,suspended,UK,2024-09-06 00:00:00
10756,high,suspended,US,2024-07-14 00:00:00
15172,high,suspended,US,2024-10-02 00:00:00
19123,high,suspended,US,2024-12-26 00:00:00
42465,high,suspended,CA,2025-02-06 00:00:00
27028,high,suspended,US,2025-03-12 00:00:00
6999,high,suspended,UK,2024-10-02 00:00:00
36523,medium,suspended,US,2025-05-20 00:00:00
48022,high,suspended,US,2025-01-30 00:00:00
16171,high,suspended,US,2025-04-27 00:00:00
8163,high,suspended,US,2025-05-31 00:00:00
33634,high,suspended,US,2025-02-07 00:00:00
42704,high,suspended,US,2025-01-16 00:00:00
19702,high,suspended,FR,2024-06-09 00:00:00
12303,high,suspended,US,2024-07-18 00:00:00
33237,high,suspended,US,2024-10-29 00:00:00
31090,high,suspended,UK,2024-09-22 00:00:00
26296,high,suspended,US,2024-12-25 00:00:00
38559,high,suspended,US,2025-05-21 00:00:00
13840,high,suspended,US,2024-10-03 00:00:00
29781,high,suspended,US,2024-11-04 00:00:00
14293,high,suspended,US,2025-05-06 00:00:00
29812,high,suspended,UK,2025-03-25 00:00:00
14344,high,suspended,US,2024-12-06 00:00:00
39020,high,suspended,UK,2025-01-29 00:00:00
1096,high,suspended,US,2025-03-11 00:00:00
29747,high,suspended,US,2025-02-27 00:00:00
37188,high,suspended,US,2024-11-24 00:00:00
1492,high,suspended,US,2025-01-04 00:00:00
39178,high,suspended,DE,2025-03-09 00:00:00
35812,high,suspended,US,2024-11-17 00:00:00
44514,high,suspended,FR,2024-11-28 00:00:00
22626,high,suspended,CA,2025-05-26 00:00:00
10307,high,suspended,US,2025-01-19 00:00:00
8708,high,suspended,CA,2024-10-17 00:00:00
15567,high,suspended,US,2024-11-04 00:00:00
33241,high,suspended,UK,2024-10-07 00:00:00
42980,high,suspended,US,2024-09-27 00:00:00
48547,high,suspended,US,2024-08-01 00:00:00
32571,high,suspended,UK,2024-09-07 00:00:00
7895,high,suspended,FR,2024-11-09 00:00:00
34746,high,suspended,US,2024-08-01 00:00:00
43959,high,suspended,FR,2025-03-02 00:00:00
37043,high,suspended,DE,2025-05-20 00:00:00
6244,high,suspended,CA,2024-09-03 00:00:00
34148,high,suspended,FR,2024-09-07 00:00:00
47688,high,suspended,FR,2024-09-19 00:00:00
29698,high,suspended,UK,2025-02-03 00:00:00
38634,medium,suspended,US,2024-10-20 00:00:00
16821,high,suspended,US,2025-03-29 00:00:00
40607,high,suspended,UK,2025-02-24 00:00:00
12824,high,suspended,US,2025-04-02 00:00:00
26086,high,suspended,US,2024-10-23 00:00:00
22109,high,suspended,CA,2024-07-22 00:00:00
4563,high,suspended,US,2024-09-08 00:00:00
45009,high,suspended,US,2024-10-30 00:00:00
45917,high,suspended,US,2024-09-25 00:00:00
2880,high,suspended,DE,2024-12-02 00:00:00
21875,high,suspended,US,2024-08-31 00:00:00
15820,high,suspended,US,2024-11-02 00:00:00
6305,high,suspended,US,2024-06-08 00:00:00
48159,high,suspended,US,2025-05-29 00:00:00
31873,high,suspended,US,2025-03-01 00:00:00
22772,high,suspended,UK,2024-08-04 00:00:00
39926,high,suspended,US,2024-10-19 00:00:00
47145,high,suspended,FR,2024-06-24 00:00:00
39553,high,suspended,CA,2024-06-28 00:00:00
35568,high,suspended,CA,2025-03-11 00:00:00
31070,high,suspended,US,2024-10-28 00:00:00
5961,high,suspended,US,2025-05-24 00:00:00
22189,high,suspended,US,2024-08-04 00:00:00
7730,high,suspended,US,2025-04-23 00:00:00
28219,high,suspended,US,2025-02-07 00:00:00
15990,high,suspended,CA,2024-07-23 00:00:00
49770,high,suspended,DE,2024-06-07 00:00:00
20883,high,suspended,US,2025-03-21 00:00:00
3120,high,suspended,UK,2024-10-24 00:00:00
26294,high,suspended,US,2025-01-27 00:00:00
28363,high,suspended,FR,2025-02-01 00:00:00
1085,high,suspended,UK,2025-01-12 00:00:00
1848,high,suspended,US,2024-11-22 00:00:00
4745,high,suspended,UK,2024-09-03 00:00:00
3424,high,suspended,US,2024-06-27 00:00:00
13429,high,suspended,UK,2024-10-08 00:00:00
6225,high,suspended,CA,2025-01-31 00:00:00
4522,high,suspended,US,2024-07-29 00:00:00
18399,high,suspended,US,2024-07-04 00:00:00
5478,high,suspended,US,2024-12-23 00:00:00
31866,medium,suspended,US,2025-02-07 00:00:00
746,high,suspended,DE,2024-07-08 00:00:00
45555,high,suspended,FR,2025-03-23 00:00:00
36036,high,suspended,US,2025-04-19 00:00:00
4168,high,suspended,US,2025-05-18 00:00:00
30070,high,suspended,US,2024-06-28 00:00:00
21432,high,suspended,US,2024-08-17 00:00:00
15719,high,suspended,US,2024-08-16 00:00:00
24383,high,suspended,DE,2025-03-16 00:00:00
30021,high,suspended,UK,2024-11-03 00:00:00
42405,high,suspended,CA,2024-07-14 00:00:00
9868,high,suspended,US,2024-10-06 00:00:00
4081,high,suspended,US,2024-07-31 00:00:00
30279,high,suspended,US,2025-03-13 00:00:00
40399,medium,suspended,FR,2024-12-31 00:00:00
28019,high,suspended,DE,2025-04-07 00:00:00
46965,high,suspended,US,2025-04-02 00:00:00
41915,high,suspended,US,2025-04-13 00:00:00
12180,high,suspended,FR,2024-09-24 00:00:00
45610,high,suspended,CA,2025-02-23 00:00:00
21973,high,suspended,US,2024-12-12 00:00:00
10370,high,suspended,US,2025-01-17 00:00:00
24828,high,suspended,US,2025-01-13 00:00:00
47556,high,suspended,US,2024-10-31 00:00:00
24261,high,suspended,FR,2025-03-29 00:00:00
27814,high,suspended,US,2025-01-06 00:00:00
26405,high,suspended,US,2024-11-04 00:00:00
45599,high,suspended,DE,2025-03-19 00:00:00
2227,high,suspended,US,2025-04-14 00:00:00
24007,high,suspended,FR,2024-07-01 00:00:00
3152,high,suspended,US,2025-04-09 00:00:00
40680,high,suspended,US,2024-07-21 00:00:00
49871,high,suspended,US,2024-09-15 00:00:00
10258,high,suspended,US,2025-04-17 00:00:00
24044,high,suspended,CA,2024-09-17 00:00:00
34111,high,suspended,US,2024-10-14 00:00:00
37863,high,suspended,DE,2025-05-05 00:00:00
47919,high,suspended,FR,2024-07-12 00:00:00
4062,high,suspended,CA,2024-08-20 00:00:00
21575,high,suspended,UK,2024-10-01 00:00:00
34129,high,suspended,DE,2024-08-28 00:00:00
26663,high,suspended,US,2025-03-10 00:00:00
17847,high,suspended,US,2024-07-09 00:00:00
6087,high,suspended,US,2024-08-20 00:00:00
39406,high,suspended,CA,2024-06-02 00:00:00
23673,high,suspended,US,2024-12-27 00:00:00
29224,medium,suspended,US,2025-01-17 00:00:00
34669,high,suspended,US,2025-05-19 00:00:00
24636,high,suspended,CA,2025-04-01 00:00:00
6647,high,suspended,FR,2025-01-27 00:00:00
45375,high,suspended,UK,2024-10-28 00:00:00
41653,high,suspended,US,2024-06-17 00:00:00
26076,high,suspended,UK,2024-09-27 00:00:00
27156,high,suspended,UK,2024-10-26 00:00:00
35768,high,suspended,CA,2025-05-28 00:00:00
4369,high,suspended,US,2024-10-23 00:00:00
47329,high,suspended,CA,2025-05-26 00:00:00
3593,high,suspended,DE,2025-01-19 00:00:00
49576,high,suspended,US,2024-07-07 00:00:00
39827,high,suspended,US,2025-05-18 00:00:00
42101,high,suspended,US,2024-09-28 00:00:00
42315,high,suspended,US,2024-10-14 00:00:00
25879,high,suspended,UK,2025-04-17 00:00:00
1209,high,suspended,US,2025-03-29 00:00:00
37037,high,suspended,US,2025-05-05 00:00:00
24641,high,suspended,FR,2024-09-10 00:00:00
13325,high,suspended,US,2025-01-04 00:00:00
20760,high,suspended,US,2024-07-29 00:00:00
23518,high,suspended,US,2025-03-06 00:00:00
17913,high,suspended,CA,2024-09-24 00:00:00
12966,high,suspended,UK,2025-04-28 00:00:00
36770,high,suspended,US,2024-08-16 00:00:00
15722,high,suspended,US,2024-10-15 00:00:00
45116,high,suspended,UK,2024-08-12 00:00:00
3093,high,suspended,UK,2024-07-07 00:00:00
16269,high,suspended,UK,2024-07-01 00:00:00
19671,high,suspended,DE,2024-08-24 00:00:00
26735,high,suspended,UK,2024-11-05 00:00:00
14071,medium,suspended,UK,2025-04-01 00:00:00
21572,high,suspended,US,2025-03-19 00:00:00
16251,high,suspended,US,2024-10-26 00:00:00
45198,high,suspended,US,2025-01-11 00:00:00
31006,high,suspended,UK,2024-08-03 00:00:00
10532,high,suspended,US,2025-01-26 00:00:00
45578,high,suspended,DE,2025-05-19 00:00:00
25536,high,suspended,DE,2024-11-03 00:00:00
38265,high,suspended,UK,2025-05-25 00:00:00
44509,high,suspended,US,2024-12-24 00:00:00
49887,high,suspended,UK,2024-10-18 00:00:00
42053,high,suspended,US,2025-02-12 00:00:00
31087,high,suspended,US,2025-03-04 00:00:00
5109,high,suspended,US,2025-02-08 00:00:00
17066,high,suspended,US,2025-01-11 00:00:00
10907,high,suspended,US,2024-07-12 00:00:00
639,high,suspended,DE,2025-04-03 00:00:00
17599,high,suspended,CA,2024-06-21 00:00:00
34226,high,suspended,US,2025-01-08 00:00:00
2234,high,suspended,FR,2024-11-13 00:00:00
36055,high,suspended,US,2025-04-06 00:00:00
26355,high,suspended,DE,2024-10-07 00:00:00
41242,high,suspended,US,2024-06-14 00:00:00
16379,high,suspended,US,2024-07-17 00:00:00
46873,high,suspended,US,2024-09-26 00:00:00
44752,high,suspended,US,2025-05-12 00:00:00
7341,high,suspended,US,2025-03-22 00:00:00
32922,medium,suspended,US,2025-03-28 00:00:00
4058,high,suspended,DE,2024-06-11 00:00:00
43002,medium,suspended,US,2025-05-11 00:00:00
26156,high,suspended,FR,2024-10-16 00:00:00
20501,high,suspended,FR,2025-03-23 00:00:00
41825,high,suspended,US,2024-06-21 00:00:00
20067,high,suspended,US,2024-08-29 00:00:00
30000,high,suspended,US,2025-01-27 00:00:00
38271,high,suspended,CA,2025-02-21 00:00:00
29306,high,suspended,US,2025-04-30 00:00:00
14238,high,suspended,FR,2025-01-13 00:00:00
3893,medium,suspended,US,2024-10-21 00:00:00
27286,high,suspended,CA,2024-09-01 00:00:00
33562,high,suspended,UK,2025-03-27 00:00:00
23116,high,suspended,UK,2025-01-10 00:00:00
39564,medium,suspended,US,2025-04-22 00:00:00
39581,high,suspended,US,2025-02-07 00:00:00
27197,high,suspended,US,2024-07-17 00:00:00
43585,high,suspended,US,2025-01-27 00:00:00
18380,high,suspended,FR,2024-11-26 00:00:00
48130,high,suspended,FR,2024-12-27 00:00:00
48545,high,suspended,US,2024-11-18 00:00:00
42437,high,suspended,UK,2024-11-12 00:00:00
28349,high,suspended,UK,2025-05-10 00:00:00
46532,high,suspended,CA,2024-07-24 00:00:00
13821,high,suspended,CA,2024-08-22 00:00:00
12625,medium,suspended,US,2024-11-16 00:00:00
5911,high,suspended,UK,2024-12-28 00:00:00
14847,high,suspended,DE,2025-05-22 00:00:00
37340,high,suspended,US,2025-02-09 00:00:00
34013,high,suspended,US,2024-10-26 00:00:00
389,medium,suspended,US,2025-05-06 00:00:00
2113,high,suspended,UK,2024-12-23 00:00:00
20498,high,suspended,US,2025-03-09 00:00:00
3840,high,suspended,US,2024-06-19 00:00:00
10786,high,suspended,US,2025-01-19 00:00:00
48606,high,suspended,UK,2024-07-16 00:00:00
49971,high,suspended,CA,2024-11-09 00:00:00
16584,high,suspended,CA,2024-10-08 00:00:00
9427,high,suspended,US,2024-11-13 00:00:00
37828,high,suspended,US,2024-07-30 00:00:00
49450,high,suspended,US,2024-12-24 00:00:00
26412,high,suspended,DE,2025-02-19 00:00:00
32606,high,suspended,UK,2024-06-01 00:00:00
22084,high,suspended,FR,2025-05-03 00:00:00
35666,high,suspended,CA,2025-03-05 00:00:00
49064,high,suspended,FR,2025-01-23 00:00:00
36471,high,suspended,FR,2024-12-29 00:00:00
43470,high,suspended,UK,2024-06-28 00:00:00
24197,high,suspended,UK,2024-09-05 00:00:00
9204,high,suspended,UK,2025-02-21 00:00:00
7106,high,suspended,US,2024-12-03 00:00:00
33531,high,suspended,US,2025-04-15 00:00:00
1982,high,suspended,US,2025-02-11 00:00:00
25647,high,suspended,US,2025-04-17 00:00:00
24084,high,suspended,US,2025-01-13 00:00:00
18755,high,suspended,DE,2024-06-27 00:00:00
5684,high,suspended,US,2024-09-13 00:00:00
41646,high,suspended,US,2024-10-15 00:00:00
29135,high,suspended,US,2025-03-09 00:00:00
25577,high,suspended,US,2024-08-07 00:00:00
20434,high,suspended,US,2024-10-26 00:00:00
43370,high,suspended,US,2025-01-11 00:00:00
23663,medium,suspended,US,2025-05-24 00:00:00
34175,high,suspended,US,2025-02-04 00:00:00
6132,high,suspended,US,2024-08-02 00:00:00
34033,high,suspended,US,2024-06-15 00:00:00
20872,high,suspended,US,2025-04-19 00:00:00
21962,high,suspended,US,2025-04-08 00:00:00
25983,high,suspended,CA,2024-10-01 00:00:00
47558,high,suspended,US,2025-05-30 00:00:00
29092,high,suspended,US,2024-08-21 00:00:00
36190,high,suspended,DE,2024-11-07 00:00:00
9700,high,suspended,US,2025-03-10 00:00:00
49382,high,suspended,US,2024-06-08 00:00:00
5145,high,suspended,UK,2025-03-10 00:00:00
17012,high,suspended,US,2024-12-26 00:00:00
6930,medium,suspended,US,2024-07-18 00:00:00
29126,high,suspended,US,2024-09-24 00:00:00
39811,high,suspended,US,2024-07-29 00:00:00
42607,high,suspended,US,2025-01-23 00:00:00
39866,high,suspended,FR,2024-07-31 00:00:00
24154,high,suspended,US,2025-04-28 00:00:00
43827,high,suspended,US,2024-08-18 00:00:00
36386,high,suspended,US,2025-02-11 00:00:00
2968,high,suspended,US,2024-10-28 00:00:00
12478,high,suspended,US,2025-02-16 00:00:00
22128,high,suspended,FR,2025-05-28 00:00:00
32949,high,suspended,DE,2024-10-18 00:00:00
38243,high,suspended,DE,2024-12-30 00:00:00
2596,high,suspended,US,2025-02-03 00:00:00
23311,high,suspended,US,2025-01-28 00:00:00
40935,high,suspended,CA,2024-10-03 00:00:00
20643,high,suspended,UK,2025-01-20 00:00:00
38395,high,suspended,UK,2025-03-10 00:00:00
25348,high,suspended,UK,2024-08-14 00:00:00
2808,medium,suspended,US,2024-12-14 00:00:00
28034,high,suspended,UK,2024-09-06 00:00:00
10096,high,suspended,US,2025-04-03 00:00:00
30828,high,suspended,UK,2025-02-16 00:00:00
20818,high,suspended,CA,2024-08-09 00:00:00
22541,high,suspended,US,2024-07-06 00:00:00
47522,high,suspended,US,2024-10-20 00:00:00
22235,medium,suspended,UK,2024-12-30 00:00:00
31005,high,suspended,US,2024-11-22 00:00:00
25111,medium,suspended,FR,2025-02-15 00:00:00
27968,high,suspended,US,2024-10-15 00:00:00
19675,high,suspended,US,2024-06-02 00:00:00
29460,high,suspended,US,2024-10-23 00:00:00
22743,high,suspended,US,2024-10-31 00:00:00
34066,high,suspended,US,2025-03-28 00:00:00
46174,high,suspended,DE,2025-03-24 00:00:00
9458,high,suspended,US,2025-05-04 00:00:00
19653,high,suspended,US,2025-02-06 00:00:00
29950,medium,suspended,US,2024-08-16 00:00:00
28650,high,suspended,FR,2025-01-15 00:00:00
7133,high,suspended,CA,2025-03-03 00:00:00
15255,high,suspended,FR,2025-02-03 00:00:00
26284,high,suspended,CA,2024-11-24 00:00:00
43848,high,suspended,US,2024-11-18 00:00:00
35571,high,suspended,US,2025-03-10 00:00:00
17493,high,suspended,UK,2025-03-06 00:00:00
6957,high,suspended,FR,2024-12-11 00:00:00
43451,high,suspended,US,2025-01-20 00:00:00
28925,medium,suspended,UK,2024-11-12 00:00:00
31562,high,suspended,US,2024-09-05 00:00:00
17278,high,suspended,US,2025-05-24 00:00:00
38513,high,suspended,US,2024-10-01 00:00:00
46753,high,suspended,US,2025-03-20 00:00:00
19346,high,suspended,CA,2024-12-14 00:00:00
7433,high,suspended,CA,2024-09-28 00:00:00
38204,high,suspended,UK,2024-12-28 00:00:00
11179,high,suspended,CA,2024-06-23 00:00:00
43006,high,suspended,US,2024-11-10 00:00:00
6521,high,suspended,US,2025-01-29 00:00:00
45493,high,suspended,CA,2025-05-28 00:00:00
18024,high,suspended,FR,2024-12-13 00:00:00
37215,high,suspended,US,2024-12-15 00:00:00
28532,high,suspended,US,2025-05-06 00:00:00
15902,high,suspended,US,2025-04-30 00:00:00
38004,high,suspended,US,2024-08-17 00:00:00
28252,high,suspended,CA,2025-02-09 00:00:00
44531,high,suspended,US,2024-06-19 00:00:00
39591,high,suspended,US,2024-08-04 00:00:00
6518,high,suspended,US,2025-02-13 00:00:00
35424,high,suspended,FR,2025-03-30 00:00:00
32884,high,suspended,UK,2024-11-17 00:00:00
6637,high,suspended,US,2024-07-22 00:00:00
34983,high,suspended,UK,2025-01-12 00:00:00
327,high,suspended,US,2024-07-22 00:00:00
38448,high,suspended,US,2025-02-25 00:00:00
39419,high,suspended,US,2025-01-20 00:00:00
22797,high,suspended,US,2024-06-08 00:00:00
11861,high,suspended,UK,2024-08-13 00:00:00
2980,high,suspended,US,2024-12-27 00:00:00
35476,high,suspended,CA,2025-05-02 00:00:00
7879,high,suspended,UK,2024-08-19 00:00:00
9076,high,suspended,FR,2024-07-09 00:00:00
37211,high,suspended,CA,2025-01-27 00:00:00
4261,high,suspended,CA,2024-10-14 00:00:00
23069,high,suspended,UK,2024-11-21 00:00:00
39960,high,suspended,US,2025-04-16 00:00:00
33428,high,suspended,UK,2025-05-21 00:00:00
47948,high,suspended,US,2024-12-21 00:00:00
16280,high,suspended,US,2025-04-29 00:00:00
20157,high,suspended,FR,2024-07-12 00:00:00
30394,high,suspended,US,2024-11-16 00:00:00
13218,high,suspended,DE,2025-05-12 00:00:00
14688,high,suspended,UK,2025-03-01 00:00:00
41403,high,suspended,US,2024-12-12 00:00:00
7684,high,suspended,UK,2024-11-10 00:00:00
8024,medium,suspended,FR,2025-04-17 00:00:00
45070,medium,suspended,US,2025-02-05 00:00:00
15440,high,suspended,US,2025-03-05 00:00:00
43271,high,suspended,CA,2024-06-19 00:00:00
4436,high,suspended,CA,2025-04-13 00:00:00
35466,high,suspended,US,2024-07-06 00:00:00
26300,high,suspended,US,2024-09-29 00:00:00
47815,high,suspended,US,2025-04-20 00:00:00
7520,high,suspended,US,2025-05-17 00:00:00
9382,high,suspended,UK,2024-10-26 00:00:00
36864,high,suspended,US,2024-09-25 00:00:00
1917,high,suspended,DE,2024-07-17 00:00:00
25568,high,suspended,UK,2025-01-09 00:00:00
16591,high,suspended,UK,2024-07-21 00:00:00
37345,high,suspended,US,2025-04-21 00:00:00
25981,high,suspended,US,2025-05-27 00:00:00
18255,high,suspended,US,2024-07-22 00:00:00
28727,high,suspended,FR,2025-01-14 00:00:00
13100,high,suspended,US,2024-08-25 00:00:00
47428,high,suspended,US,2025-05-22 00:00:00
36057,high,suspended,US,2024-11-01 00:00:00
21295,high,suspended,US,2024-06-15 00:00:00
6566,high,suspended,CA,2024-06-24 00:00:00
16722,high,suspended,UK,2024-11-14 00:00:00
1827,high,suspended,US,2024-06-29 00:00:00
1384,high,suspended,CA,2024-10-29 00:00:00
13136,high,suspended,UK,2024-12-01 00:00:00
26143,high,suspended,UK,2024-12-09 00:00:00
3489,high,suspended,US,2025-01-07 00:00:00
11386,high,suspended,US,2024-08-14 00:00:00
26918,high,suspended,DE,2024-10-04 00:00:00
42921,high,suspended,US,2025-02-27 00:00:00
4673,high,suspended,US,2024-12-28 00:00:00
10013,high,suspended,US,2025-03-17 00:00:00
38411,high,suspended,US,2025-05-16 00:00:00
22933,high,suspended,US,2024-09-01 00:00:00
31108,high,suspended,UK,2024-08-27 00:00:00
34501,high,suspended,US,2024-08-29 00:00:00
42185,high,suspended,DE,2024-07-11 00:00:00
6413,high,suspended,US,2025-04-09 00:00:00
15306,high,suspended,UK,2024-12-13 00:00:00
18007,medium,suspended,FR,2025-04-14 00:00:00
3751,high,suspended,US,2025-05-16 00:00:00
24692,high,suspended,US,2024-10-02 00:00:00
9515,high,suspended,FR,2025-02-10 00:00:00
2313,high,suspended,US,2025-03-26 00:00:00
27136,high,suspended,US,2024-08-13 00:00:00
20048,high,suspended,US,2024-09-27 00:00:00
13312,high,suspended,UK,2025-01-23 00:00:00
23926,high,suspended,US,2025-04-23 00:00:00
34876,high,suspended,US,2024-10-09 00:00:00
29642,high,suspended,FR,2025-01-22 00:00:00
37420,medium,suspended,FR,2024-10-09 00:00:00
6378,high,suspended,US,2025-05-08 00:00:00
42323,high,suspended,US,2024-06-05 00:00:00
22435,high,suspended,US,2025-01-25 00:00:00
31635,high,suspended,UK,2024-10-26 00:00:00
42216,high,suspended,US,2025-05-13 00:00:00
28788,high,suspended,US,2025-03-07 00:00:00
14065,high,suspended,US,2024-08-20 00:00:00
49741,high,suspended,US,2024-07-08 00:00:00
26848,high,suspended,CA,2025-01-13 00:00:00
12522,high,suspended,US,2024-11-24 00:00:00
47254,high,suspended,DE,2025-03-28 00:00:00
34321,high,suspended,US,2024-11-01 00:00:00
42634,high,suspended,US,2025-04-24 00:00:00
23844,high,suspended,US,2025-01-04 00:00:00
43385,high,suspended,US,2025-05-20 00:00:00
26622,high,suspended,US,2024-10-07 00:00:00
47690,high,suspended,UK,2025-01-20 00:00:00
18098,high,suspended,US,2024-11-02 00:00:00
22552,high,suspended,US,2024-09-10 00:00:00
17094,high,suspended,FR,2024-12-14 00:00:00
31111,high,suspended,UK,2025-02-03 00:00:00
11994,medium,suspended,US,2024-07-25 00:00:00
23113,high,suspended,CA,2024-09-30 00:00:00
8043,high,suspended,UK,2024-12-13 00:00:00
10354,high,suspended,US,2025-03-20 00:00:00
30874,medium,suspended,CA,2024-12-01 00:00:00
22468,high,suspended,DE,2025-03-22 00:00:00
18738,high,suspended,UK,2024-10-30 00:00:00
2018,high,suspended,FR,2025-05-25 00:00:00
29619,high,suspended,FR,2024-10-30 00:00:00
3683,high,suspended,US,2024-06-12 00:00:00
46074,high,suspended,US,2025-05-04 00:00:00
9164,medium,suspended,US,2024-12-20 00:00:00
44641,high,suspended,FR,2024-10-19 00:00:00
28000,high,suspended,US,2024-06-05 00:00:00
13970,high,suspended,US,2025-03-17 00:00:00
37130,high,suspended,UK,2025-05-18 00:00:00
46936,medium,suspended,CA,2024-06-26 00:00:00
19503,high,suspended,US,2025-04-07 00:00:00
29542,high,suspended,US,2025-02-10 00:00:00
43667,high,suspended,CA,2024-10-25 00:00:00
21333,high,suspended,FR,2024-09-26 00:00:00
20519,high,suspended,US,2025-04-07 00:00:00
15170,high,suspended,DE,2024-11-28 00:00:00
39667,high,suspended,DE,2024-09-21 00:00:00
25158,high,suspended,FR,2025-04-22 00:00:00
11445,high,suspended,US,2024-09-06 00:00:00
45859,high,suspended,US,2025-04-14 00:00:00
35957,high,suspended,US,2024-10-07 00:00:00
23500,high,suspended,FR,2025-05-14 00:00:00
37764,high,suspended,DE,2025-05-04 00:00:00
891,high,suspended,CA,2025-05-15 00:00:00
36655,high,suspended,UK,2024-08-10 00:00:00
28879,high,suspended,US,2025-04-18 00:00:00
22006,high,suspended,CA,2024-07-20 00:00:00
14929,high,suspended,CA,2025-04-18 00:00:00
11347,high,suspended,CA,2025-04-27 00:00:00
9692,high,suspended,US,2024-06-21 00:00:00
983,high,suspended,UK,2024-11-06 00:00:00
35049,high,suspended,UK,2025-01-12 00:00:00
41877,high,suspended,US,2024-06-18 00:00:00
6881,high,suspended,FR,2025-03-24 00:00:00
40648,high,suspended,US,2024-12-04 00:00:00
34646,high,suspended,US,2024-08-07 00:00:00
31949,high,suspended,UK,2024-07-17 00:00:00
28383,high,suspended,DE,2024-10-30 00:00:00
39698,high,suspended,UK,2024-11-15 00:00:00
16520,high,suspended,US,2024-12-30 00:00:00
11153,high,suspended,US,2024-08-29 00:00:00
190,high,suspended,US,2024-09-11 00:00:00
23971,high,suspended,UK,2024-08-07 00:00:00
21537,high,suspended,US,2025-03-04 00:00:00
19699,high,suspended,CA,2024-12-05 00:00:00
13141,high,suspended,US,2025-02-27 00:00:00
25386,medium,suspended,US,2025-02-12 00:00:00
45057,high,suspended,US,2024-10-18 00:00:00
31477,high,suspended,CA,2024-08-24 00:00:00
16529,high,suspended,UK,2024-10-10 00:00:00
32457,high,suspended,US,2025-02-02 00:00:00
30887,high,suspended,US,2024-10-30 00:00:00
31422,high,suspended,US,2024-11-21 00:00:00
27148,high,suspended,FR,2024-07-29 00:00:00
27860,high,suspended,US,2025-01-26 00:00:00
20325,high,suspended,US,2024-07-09 00:00:00
6272,high,suspended,UK,2024-08-12 00:00:00
38883,high,suspended,UK,2024-09-24 00:00:00
6314,high,suspended,DE,2025-05-13 00:00:00
43096,high,suspended,US,2025-05-12 00:00:00
6492,high,suspended,CA,2024-12-21 00:00:00
32315,high,suspended,UK,2025-03-13 00:00:00
45660,high,suspended,CA,2024-12-05 00:00:00
12058,high,suspended,US,2024-07-17 00:00:00
19637,high,suspended,US,2024-12-20 00:00:00
7269,high,suspended,US,2024-06-08 00:00:00
331,high,suspended,US,2024-10-14 00:00:00
28990,high,suspended,UK,2025-03-02 00:00:00
36960,high,suspended,UK,2024-08-03 00:00:00
48842,high,suspended,DE,2025-01-19 00:00:00
19284,high,suspended,US,2024-12-06 00:00:00
42733,high,suspended,US,2025-05-11 00:00:00
41771,high,suspended,DE,2025-05-11 00:00:00
20702,high,suspended,US,2024-10-13 00:00:00
45029,high,suspended,FR,2025-03-27 00:00:00
26394,high,suspended,US,2024-12-13 00:00:00
10658,high,suspended,US,2025-04-23 00:00:00
34802,high,suspended,US,2024-12-08 00:00:00
9111,high,suspended,CA,2024-07-26 00:00:00
40011,high,suspended,US,2025-05-12 00:00:00
41698,high,suspended,US,2024-09-28 00:00:00
5558,high,suspended,US,2025-01-28 00:00:00
1810,high,suspended,US,2024-06-13 00:00:00
4196,high,suspended,US,2025-04-14 00:00:00
48439,high,suspended,FR,2025-03-15 00:00:00
46553,high,suspended,US,2024-11-15 00:00:00
47797,high,suspended,US,2025-04-09 00:00:00
48234,high,suspended,US,2024-09-22 00:00:00
35301,high,suspended,DE,2025-04-28 00:00:00
5278,high,suspended,UK,2024-07-03 00:00:00
40181,high,suspended,UK,2025-04-22 00:00:00
35835,high,suspended,DE,2025-01-24 00:00:00
2741,high,suspended,US,2025-05-25 00:00:00
47705,high,suspended,US,2024-11-02 00:00:00
46675,high,suspended,CA,2025-04-29 00:00:00
47226,high,suspended,FR,2024-12-27 00:00:00
33009,high,suspended,US,2024-07-30 00:00:00
7169,high,suspended,US,2024-08-11 00:00:00
39690,high,suspended,CA,2024-06-24 00:00:00
41196,high,suspended,US,2024-06-20 00:00:00
11951,high,suspended,US,2024-11-03 00:00:00
48501,high,suspended,DE,2025-02-08 00:00:00
5423,high,suspended,US,2024-07-30 00:00:00
10971,high,suspended,CA,2024-07-20 00:00:00
5129,high,suspended,US,2024-09-29 00:00:00
14652,high,suspended,US,2025-03-03 00:00:00
20437,high,suspended,DE,2024-08-09 00:00:00
14597,high,suspended,DE,2024-12-16 00:00:00
15781,high,suspended,US,2025-01-19 00:00:00
33240,high,suspended,US,2024-12-07 00:00:00
13345,high,suspended,US,2025-05-10 00:00:00
35700,high,suspended,US,2025-05-23 00:00:00
4258,high,suspended,CA,2025-03-04 00:00:00
37249,medium,suspended,US,2025-01-01 00:00:00
49255,high,suspended,DE,2025-03-28 00:00:00
10966,high,suspended,US,2024-08-19 00:00:00
10410,high,suspended,US,2024-12-30 00:00:00
35636,high,suspended,US,2025-05-02 00:00:00
48747,high,suspended,US,2024-07-21 00:00:00
11530,medium,suspended,US,2025-02-06 00:00:00
29167,high,suspended,US,2025-04-12 00:00:00
49867,high,suspended,US,2024-12-26 00:00:00
6878,high,suspended,US,2024-10-22 00:00:00
49227,high,suspended,US,2024-06-17 00:00:00
12045,high,suspended,CA,2025-05-20 00:00:00
20810,high,suspended,UK,2024-12-07 00:00:00
11852,high,suspended,US,2024-09-20 00:00:00
14564,high,suspended,CA,2025-01-14 00:00:00
21538,high,suspended,US,2025-01-14 00:00:00
3133,high,suspended,US,2024-09-29 00:00:00
12366,high,suspended,US,2024-12-03 00:00:00
42894,high,suspended,US,2024-07-21 00:00:00
9589,medium,suspended,US,2025-05-18 00:00:00
46132,high,suspended,FR,2024-12-06 00:00:00
2838,high,suspended,US,2025-03-06 00:00:00
5610,high,suspended,US,2025-04-27 00:00:00
35154,high,suspended,UK,2024-12-01 00:00:00
14237,high,suspended,UK,2024-07-02 00:00:00
43412,high,suspended,US,2024-12-21 00:00:00
25546,high,suspended,US,2024-10-20 00:00:00
39495,high,suspended,US,2024-09-06 00:00:00
11786,high,suspended,US,2024-08-02 00:00:00
5931,high,suspended,DE,2025-01-19 00:00:00
25521,high,suspended,DE,2024-07-17 00:00:00
11100,high,suspended,UK,2025-05-06 00:00:00
6293,high,suspended,US,2024-09-17 00:00:00
7118,high,suspended,US,2025-04-25 00:00:00
36146,high,suspended,UK,2025-04-24 00:00:00
45668,high,suspended,CA,2025-04-02 00:00:00
8489,high,suspended,US,2024-06-11 00:00:00
46143,high,suspended,US,2024-06-26 00:00:00
19873,high,suspended,UK,2024-11-18 00:00:00
11076,high,suspended,US,2024-10-03 00:00:00
9658,high,suspended,US,2024-08-04 00:00:00
13969,high,suspended,FR,2025-03-17 00:00:00
13884,high,suspended,FR,2024-09-14 00:00:00
42942,high,suspended,US,2024-07-06 00:00:00
46215,high,suspended,US,2025-03-11 00:00:00
27882,high,suspended,DE,2024-09-15 00:00:00
11295,high,suspended,UK,2025-03-28 00:00:00
38854,high,suspended,US,2024-09-19 00:00:00
36084,high,suspended,UK,2024-09-28 00:00:00
42492,high,suspended,FR,2024-11-16 00:00:00
19206,high,suspended,US,2024-08-15 00:00:00
31894,high,suspended,CA,2025-04-02 00:00:00
40439,high,suspended,US,2024-06-02 00:00:00
10661,high,suspended,CA,2024-10-20 00:00:00
20140,medium,suspended,US,2024-08-14 00:00:00
34078,high,suspended,UK,2024-08-06 00:00:00
15273,high,suspended,US,2025-03-04 00:00:00
34168,medium,suspended,UK,2024-10-07 00:00:00
41550,high,suspended,UK,2024-08-29 00:00:00
20188,high,suspended,US,2024-07-27 00:00:00
31792,high,suspended,US,2025-05-05 00:00:00
32596,high,suspended,US,2024-06-14 00:00:00
23366,high,suspended,US,2024-08-07 00:00:00
37081,high,suspended,US,2024-06-08 00:00:00
45547,high,suspended,US,2024-12-01 00:00:00
49571,medium,suspended,UK,2024-09-30 00:00:00
3479,high,suspended,US,2025-03-29 00:00:00
20138,high,suspended,US,2024-11-13 00:00:00
11287,high,suspended,DE,2024-06-09 00:00:00
15218,high,suspended,UK,2024-08-29 00:00:00
1870,high,suspended,US,2024-10-14 00:00:00
29301,high,suspended,FR,2024-06-27 00:00:00
5918,high,suspended,US,2024-08-04 00:00:00
581,high,suspended,US,2025-01-02 00:00:00
20759,high,suspended,US,2025-02-25 00:00:00
36438,high,suspended,US,2024-07-29 00:00:00
45031,high,suspended,US,2024-07-03 00:00:00
45438,high,suspended,CA,2025-01-30 00:00:00
12415,high,suspended,CA,2025-01-16 00:00:00
43628,high,suspended,UK,2024-12-03 00:00:00
27655,high,suspended,US,2025-02-18 00:00:00
12865,high,suspended,US,2025-03-31 00:00:00
47438,high,suspended,DE,2024-07-26 00:00:00
27764,high,suspended,CA,2025-01-18 00:00:00
21484,high,suspended,US,2025-02-13 00:00:00
34650,high,suspended,CA,2024-09-22 00:00:00
37722,medium,suspended,CA,2025-04-11 00:00:00
29976,high,suspended,US,2024-06-23 00:00:00
8227,high,suspended,US,2025-05-04 00:00:00
33848,high,suspended,US,2025-02-22 00:00:00
19807,high,suspended,US,2024-11-02 00:00:00
46868,high,suspended,FR,2025-01-21 00:00:00
5359,high,suspended,US,2025-04-26 00:00:00
36675,medium,suspended,UK,2024-06-16 00:00:00
39678,high,suspended,US,2024-07-02 00:00:00
43740,high,suspended,US,2025-02-01 00:00:00
18611,high,suspended,US,2024-12-23 00:00:00
8380,high,suspended,US,2025-01-05 00:00:00
17867,medium,suspended,US,2025-05-18 00:00:00
40575,high,suspended,US,2024-07-26 00:00:00
4264,high,suspended,US,2025-02-07 00:00:00
26984,high,suspended,UK,2025-05-31 00:00:00
15614,high,suspended,US,2025-01-14 00:00:00
16655,high,suspended,FR,2024-07-08 00:00:00
37205,high,suspended,US,2024-07-12 00:00:00
15878,high,suspended,US,2024-11-12 00:00:00
23803,high,suspended,US,2025-04-08 00:00:00
3443,high,suspended,US,2024-08-15 00:00:00
4559,medium,suspended,UK,2024-07-04 00:00:00
38295,high,suspended,US,2024-08-04 00:00:00
35142,high,suspended,FR,2024-10-19 00:00:00
36437,high,suspended,US,2025-04-16 00:00:00
35792,high,suspended,UK,2025-04-21 00:00:00
28731,high,suspended,US,2025-03-27 00:00:00
5290,high,suspended,US,2025-03-08 00:00:00
26051,high,suspended,US,2025-05-31 00:00:00
37873,high,suspended,US,2024-11-14 00:00:00
1008,high,suspended,UK,2024-12-13 00:00:00
22434,high,suspended,US,2025-04-02 00:00:00
842,high,suspended,US,2025-02-27 00:00:00
13449,high,suspended,US,2024-10-29 00:00:00
39104,high,suspended,US,2025-01-19 00:00:00
30913,high,suspended,US,2025-02-14 00:00:00
46382,high,suspended,UK,2025-04-06 00:00:00
27524,high,suspended,US,2025-01-07 00:00:00
20607,high,suspended,DE,2024-07-21 00:00:00
9101,high,suspended,US,2025-05-26 00:00:00
28770,high,suspended,UK,2024-07-29 00:00:00
36289,high,suspended,US,2025-05-02 00:00:00
38088,high,suspended,US,2025-04-30 00:00:00
433,high,suspended,US,2025-03-10 00:00:00
44543,high,suspended,FR,2024-09-19 00:00:00
28677,high,suspended,US,2025-01-07 00:00:00
7284,high,suspended,US,2025-01-18 00:00:00
43439,high,suspended,US,2024-09-25 00:00:00
34260,high,suspended,US,2024-12-29 00:00:00
40031,medium,suspended,US,2024-11-21 00:00:00
10269,high,suspended,UK,2025-01-19 00:00:00
8297,high,suspended,US,2024-12-22 00:00:00
43025,high,suspended,US,2024-12-30 00:00:00
47011,high,suspended,US,2024-07-19 00:00:00
45161,high,suspended,US,2024-11-08 00:00:00
43171,high,suspended,UK,2025-01-05 00:00:00
10447,high,suspended,US,2024-11-08 00:00:00
39632,high,suspended,US,2025-05-07 00:00:00
36502,high,suspended,US,2024-10-09 00:00:00
7701,high,suspended,US,2024-12-09 00:00:00
115,high,suspended,CA,2024-08-18 00:00:00
3774,high,suspended,US,2025-05-18 00:00:00
12568,high,suspended,US,2025-01-29 00:00:00
28057,high,suspended,US,2024-07-05 00:00:00
48800,high,suspended,US,2024-07-17 00:00:00
48932,high,suspended,US,2024-07-14 00:00:00
1783,high,suspended,US,2024-07-18 00:00:00
27970,high,suspended,FR,2025-01-08 00:00:00
33387,high,suspended,US,2024-07-20 00:00:00
38008,medium,suspended,DE,2024-12-08 00:00:00
46584,high,suspended,US,2024-08-06 00:00:00
12051,high,suspended,FR,2025-03-12 00:00:00
14758,medium,suspended,US,2024-07-01 00:00:00
48440,high,suspended,US,2025-03-28 00:00:00
29148,high,suspended,US,2025-03-15 00:00:00
46355,high,suspended,UK,2025-03-15 00:00:00
47819,high,suspended,US,2024-11-16 00:00:00
18184,high,suspended,US,2025-05-10 00:00:00
43146,high,suspended,CA,2024-08-02 00:00:00
37816,high,suspended,US,2024-12-28 00:00:00
18974,high,suspended,US,2024-11-29 00:00:00
37335,high,suspended,US,2025-05-07 00:00:00
11917,high,suspended,US,2025-01-03 00:00:00
24353,high,suspended,CA,2024-06-27 00:00:00
48737,high,suspended,US,2024-10-26 00:00:00
3647,high,suspended,US,2025-04-04 00:00:00
1234,high,suspended,US,2024-11-07 00:00:00
5115,high,suspended,DE,2024-11-28 00:00:00
24660,high,suspended,US,2024-07-24 00:00:00
29594,high,suspended,US,2025-03-23 00:00:00
18346,high,suspended,UK,2025-02-15 00:00:00
13843,high,suspended,US,2024-09-17 00:00:00
45074,high,suspended,US,2024-08-19 00:00:00
27818,high,suspended,US,2025-05-03 00:00:00
11478,high,suspended,UK,2025-02-02 00:00:00
14187,high,suspended,DE,2024-09-23 00:00:00
40887,high,suspended,FR,2024-07-26 00:00:00
41710,high,suspended,DE,2024-11-27 00:00:00
2774,high,suspended,US,2025-03-12 00:00:00
10074,high,suspended,US,2024-12-06 00:00:00
45212,high,suspended,CA,2024-07-29 00:00:00
33957,medium,suspended,CA,2024-10-21 00:00:00
43452,high,suspended,US,2025-03-21 00:00:00
42424,high,suspended,US,2024-09-24 00:00:00
8705,high,suspended,DE,2025-01-06 00:00:00
5797,medium,suspended,US,2025-03-15 00:00:00
16944,high,suspended,FR,2025-04-15 00:00:00
40251,high,suspended,US,2025-04-11 00:00:00
8180,high,suspended,CA,2025-05-12 00:00:00
43506,high,suspended,UK,2025-04-26 00:00:00
33444,high,suspended,UK,2025-03-13 00:00:00
8442,high,suspended,US,2024-06-14 00:00:00
33976,high,suspended,UK,2025-04-08 00:00:00
37117,high,suspended,CA,2025-05-03 00:00:00
47723,high,suspended,FR,2025-05-22 00:00:00
32516,high,suspended,US,2024-10-15 00:00:00
47352,high,suspended,FR,2024-06-15 00:00:00
45912,high,suspended,CA,2024-09-01 00:00:00
17893,high,suspended,UK,2024-10-18 00:00:00
1626,high,suspended,US,2025-05-26 00:00:00
4282,high,suspended,US,2024-11-06 00:00:00
16443,high,suspended,UK,2024-11-21 00:00:00
6137,high,suspended,US,2024-11-27 00:00:00
35439,high,suspended,DE,2024-06-04 00:00:00
37331,high,suspended,US,2024-09-01 00:00:00
15973,high,suspended,US,2024-08-13 00:00:00
42418,medium,suspended,US,2025-03-17 00:00:00
25095,high,suspended,US,2025-05-03 00:00:00
10137,high,suspended,DE,2024-12-23 00:00:00
17240,high,suspended,US,2024-07-06 00:00:00
36496,high,suspended,UK,2024-08-12 00:00:00
38059,high,suspended,FR,2025-04-21 00:00:00
25321,high,suspended,US,2024-06-16 00:00:00
11381,high,suspended,US,2024-07-17 00:00:00
36492,high,suspended,US,2025-02-27 00:00:00
45242,high,suspended,US,2024-09-19 00:00:00
7594,high,suspended,US,2024-12-10 00:00:00
3936,high,suspended,FR,2025-01-01 00:00:00
26603,high,suspended,UK,2025-01-19 00:00:00
5669,medium,suspended,UK,2024-11-22 00:00:00
19227,high,suspended,US,2024-08-20 00:00:00
32649,medium,suspended,FR,2024-12-07 00:00:00
5408,high,suspended,US,2024-11-07 00:00:00
38666,high,suspended,DE,2024-11-14 00:00:00
28854,high,suspended,DE,2025-03-18 00:00:00
43597,high,suspended,US,2025-04-02 00:00:00
17951,high,suspended,US,2024-07-14 00:00:00
23963,high,suspended,US,2024-06-27 00:00:00
21552,high,suspended,US,2024-08-19 00:00:00
38667,high,suspended,CA,2024-08-20 00:00:00
11407,high,suspended,DE,2025-04-13 00:00:00
3425,high,suspended,FR,2024-06-26 00:00:00
7122,high,suspended,US,2025-05-12 00:00:00
25542,high,suspended,FR,2024-07-12 00:00:00
27415,high,suspended,US,2024-10-18 00:00:00
38960,high,suspended,US,2025-01-13 00:00:00
25416,high,suspended,US,2025-05-05 00:00:00
37124,high,suspended,DE,2025-01-04 00:00:00
9053,high,suspended,US,2025-02-04 00:00:00
19314,high,suspended,US,2025-04-07 00:00:00
37392,high,suspended,FR,2025-01-13 00:00:00
43774,high,suspended,UK,2024-12-30 00:00:00
30416,medium,suspended,US,2024-10-18 00:00:00
36587,high,suspended,US,2024-09-19 00:00:00
23390,high,suspended,US,2025-02-18 00:00:00
46389,high,suspended,US,2024-07-29 00:00:00
5469,high,suspended,US,2024-11-24 00:00:00
5608,high,suspended,US,2025-01-07 00:00:00
4363,high,suspended,CA,2024-07-27 00:00:00
13869,high,suspended,US,2024-10-24 00:00:00
17301,high,suspended,US,2025-05-14 00:00:00
27429,high,suspended,UK,2025-05-14 00:00:00
40147,high,suspended,US,2025-03-31 00:00:00
20230,high,suspended,CA,2025-02-05 00:00:00
16505,medium,suspended,US,2025-02-25 00:00:00
21932,high,suspended,US,2025-05-08 00:00:00
27396,high,suspended,US,2024-11-05 00:00:00
34584,high,suspended,US,2024-06-24 00:00:00
35517,high,suspended,UK,2024-09-21 00:00:00
26341,high,suspended,US,2024-12-20 00:00:00
43845,high,suspended,US,2025-04-03 00:00:00
24679,high,suspended,US,2024-06-29 00:00:00
9575,high,suspended,UK,2024-06-04 00:00:00
31071,high,suspended,CA,2024-09-13 00:00:00
49477,high,suspended,US,2024-11-02 00:00:00
13716,high,suspended,US,2024-09-17 00:00:00
7757,high,suspended,US,2024-08-10 00:00:00
7686,high,suspended,US,2024-10-09 00:00:00
7277,high,suspended,US,2024-10-27 00:00:00
38170,high,suspended,US,2024-11-15 00:00:00
47907,high,suspended,UK,2024-08-01 00:00:00
37979,high,suspended,US,2024-06-04 00:00:00
20189,high,suspended,US,2025-02-10 00:00:00
17444,medium,suspended,US,2025-01-07 00:00:00
8054,high,suspended,FR,2024-08-29 00:00:00
44480,medium,suspended,US,2024-08-06 00:00:00
30158,high,suspended,US,2024-12-12 00:00:00
33308,high,suspended,US,2025-02-28 00:00:00
45236,high,suspended,US,2025-05-27 00:00:00
10190,high,suspended,US,2024-09-26 00:00:00
38742,high,suspended,US,2025-02-12 00:00:00
18750,high,suspended,US,2025-03-14 00:00:00
35518,high,suspended,US,2025-05-09 00:00:00
24769,high,suspended,CA,2024-11-29 00:00:00
27808,high,suspended,US,2024-07-07 00:00:00
23098,high,suspended,US,2024-12-21 00:00:00
40761,high,suspended,US,2024-06-22 00:00:00
42808,high,suspended,US,2025-01-10 00:00:00
11400,high,suspended,US,2024-06-10 00:00:00
11186,high,suspended,US,2025-01-22 00:00:00
21681,high,suspended,DE,2024-07-10 00:00:00
5994,high,suspended,DE,2024-11-08 00:00:00
23126,high,suspended,US,2025-03-22 00:00:00
47784,high,suspended,US,2025-01-06 00:00:00
49054,high,suspended,FR,2025-03-21 00:00:00
46585,high,suspended,US,2024-12-25 00:00:00
39901,high,suspended,US,2025-05-30 00:00:00
29025,high,suspended,US,2025-04-24 00:00:00
31408,high,suspended,CA,2024-12-31 00:00:00
39094,high,suspended,US,2024-10-27 00:00:00
2213,high,suspended,US,2024-07-29 00:00:00
9924,high,suspended,US,2024-12-25 00:00:00
42306,high,suspended,US,2024-06-11 00:00:00
49361,high,suspended,FR,2024-11-14 00:00:00
14768,high,suspended,US,2024-08-27 00:00:00
7389,high,suspended,US,2025-04-13 00:00:00
27252,high,suspended,US,2025-01-22 00:00:00
37377,high,suspended,FR,2025-05-20 00:00:00
6726,high,suspended,US,2024-12-03 00:00:00
26087,high,suspended,CA,2024-07-16 00:00:00
45706,high,suspended,US,2025-01-10 00:00:00
35680,high,suspended,US,2024-07-25 00:00:00
22555,high,suspended,US,2024-10-03 00:00:00
28661,medium,suspended,UK,2025-01-10 00:00:00
43046,high,suspended,UK,2025-03-29 00:00:00
26543,high,suspended,UK,2024-12-23 00:00:00
11741,high,suspended,US,2025-02-24 00:00:00
25155,high,suspended,US,2024-07-11 00:00:00
43176,high,suspended,US,2024-12-20 00:00:00
24566,high,suspended,US,2024-11-06 00:00:00
6533,high,suspended,US,2024-11-21 00:00:00
33285,high,suspended,DE,2024-09-22 00:00:00
44657,medium,suspended,UK,2024-11-18 00:00:00
13397,high,suspended,UK,2024-08-26 00:00:00
20182,high,suspended,US,2024-07-10 00:00:00
49168,high,suspended,CA,2025-02-17 00:00:00
32187,high,suspended,US,2025-04-21 00:00:00
18646,high,suspended,US,2024-07-29 00:00:00
26457,high,suspended,US,2025-02-27 00:00:00
30979,high,suspended,DE,2025-02-17 00:00:00
2164,high,suspended,US,2024-09-08 00:00:00
4565,high,suspended,US,2024-11-26 00:00:00
42159,high,suspended,US,2024-11-27 00:00:00
26052,high,suspended,US,2025-04-27 00:00:00
37731,high,suspended,US,2024-08-15 00:00:00
37734,high,suspended,US,2024-09-29 00:00:00
26079,high,suspended,US,2024-07-23 00:00:00
42949,medium,suspended,US,2024-08-14 00:00:00
25579,high,suspended,US,2024-10-10 00:00:00
10976,high,suspended,US,2024-09-10 00:00:00
48713,high,suspended,US,2024-08-28 00:00:00
12285,high,suspended,UK,2025-04-05 00:00:00
15837,high,suspended,DE,2024-08-18 00:00:00
42631,high,suspended,US,2025-05-02 00:00:00
43283,high,suspended,UK,2024-07-09 00:00:00
20780,high,suspended,US,2024-08-30 00:00:00
36666,high,suspended,FR,2025-04-18 00:00:00
47449,high,suspended,US,2025-02-08 00:00:00
11468,high,suspended,US,2025-01-24 00:00:00
36484,high,suspended,US,2025-03-16 00:00:00
44249,medium,suspended,DE,2025-03-24 00:00:00
26593,high,suspended,US,2025-01-16 00:00:00
24477,high,suspended,UK,2025-05-15 00:00:00
4252,medium,suspended,US,2025-03-17 00:00:00
49375,high,suspended,CA,2025-04-26 00:00:00
23863,high,suspended,CA,2025-04-22 00:00:00
38407,high,suspended,UK,2025-04-16 00:00:00
42529,high,suspended,UK,2024-11-13 00:00:00
43615,high,suspended,DE,2025-04-18 00:00:00
22136,high,suspended,US,2024-11-09 00:00:00
23080,high,suspended,US,2024-08-17 00:00:00
13208,high,suspended,US,2025-01-12 00:00:00
26041,high,suspended,US,2024-07-05 00:00:00
1435,high,suspended,US,2025-01-27 00:00:00
30211,high,suspended,UK,2025-01-13 00:00:00
41730,high,suspended,US,2025-04-20 00:00:00
43418,high,suspended,US,2024-11-03 00:00:00
38143,high,suspended,CA,2024-10-19 00:00:00
47697,high,suspended,US,2025-03-30 00:00:00
18865,high,suspended,US,2024-06-29 00:00:00
6381,high,suspended,US,2024-11-28 00:00:00
33424,high,suspended,UK,2025-02-15 00:00:00
10273,high,suspended,UK,2024-07-08 00:00:00
12552,high,suspended,US,2024-11-06 00:00:00
25692,high,suspended,US,2025-01-23 00:00:00
47967,high,suspended,US,2025-01-18 00:00:00
46362,high,suspended,UK,2024-06-20 00:00:00
8670,high,suspended,US,2024-06-30 00:00:00
26222,high,suspended,US,2024-12-06 00:00:00
21549,high,suspended,FR,2024-10-25 00:00:00
12632,high,suspended,UK,2024-07-10 00:00:00
37141,high,suspended,US,2025-04-27 00:00:00
12960,high,suspended,FR,2024-07-17 00:00:00
7571,high,suspended,UK,2025-04-11 00:00:00
21273,high,suspended,US,2025-04-01 00:00:00
23886,high,suspended,US,2025-02-15 00:00:00
8612,high,suspended,UK,2024-12-14 00:00:00
9351,high,suspended,FR,2025-01-23 00:00:00
5758,high,suspended,US,2025-03-25 00:00:00
21312,medium,suspended,US,2025-03-11 00:00:00
45123,high,suspended,US,2024-06-22 00:00:00
32627,high,suspended,US,2025-01-17 00:00:00
6800,high,suspended,US,2025-03-20 00:00:00
17461,high,suspended,US,2025-04-30 00:00:00
44023,high,suspended,UK,2024-09-05 00:00:00
11382,high,suspended,US,2024-11-12 00:00:00
26765,high,suspended,US,2025-04-06 00:00:00
13974,high,suspended,UK,2025-01-30 00:00:00
27077,high,suspended,UK,2025-02-12 00:00:00
47347,high,suspended,UK,2024-08-17 00:00:00
7634,medium,suspended,CA,2024-07-02 00:00:00
1484,high,suspended,US,2025-01-17 00:00:00
4355,high,suspended,US,2024-07-23 00:00:00
32633,high,suspended,US,2024-11-23 00:00:00
43953,high,suspended,FR,2025-06-01 00:00:00
33615,high,suspended,US,2024-07-14 00:00:00
5316,high,suspended,FR,2025-02-14 00:00:00
4394,high,suspended,US,2025-04-27 00:00:00
19884,high,suspended,US,2024-08-28 00:00:00
22052,medium,suspended,FR,2024-06-21 00:00:00
17030,high,suspended,UK,2024-10-05 00:00:00
20494,high,suspended,UK,2025-05-29 00:00:00
33639,high,suspended,US,2025-01-11 00:00:00
26048,medium,suspended,UK,2025-01-11 00:00:00
32156,high,suspended,UK,2025-02-24 00:00:00
33007,high,suspended,UK,2025-02-23 00:00:00
24987,high,suspended,US,2025-04-09 00:00:00
43421,high,suspended,US,2024-08-21 00:00:00
33076,high,suspended,US,2024-12-04 00:00:00
18165,high,suspended,UK,2024-12-08 00:00:00
6508,medium,suspended,US,2024-10-23 00:00:00
22491,high,suspended,DE,2024-12-16 00:00:00
4782,high,suspended,UK,2024-12-27 00:00:00
32936,high,suspended,US,2024-11-21 00:00:00
20694,high,suspended,US,2025-05-14 00:00:00
2564,high,suspended,US,2025-04-03 00:00:00
48882,high,suspended,US,2024-06-27 00:00:00
38776,high,suspended,DE,2025-04-20 00:00:00
660,high,suspended,UK,2025-04-28 00:00:00
20596,high,suspended,UK,2024-11-19 00:00:00
40358,high,suspended,US,2024-07-04 00:00:00
438,high,suspended,FR,2024-11-16 00:00:00
20744,high,suspended,US,2024-07-19 00:00:00
28276,high,suspended,DE,2025-03-13 00:00:00
228,high,suspended,US,2025-05-14 00:00:00
43472,high,suspended,UK,2024-12-15 00:00:00
26460,high,suspended,US,2024-10-24 00:00:00
25215,medium,suspended,US,2024-10-08 00:00:00
4245,high,suspended,UK,2025-05-03 00:00:00
47409,high,suspended,UK,2025-04-05 00:00:00
49777,high,suspended,FR,2024-08-16 00:00:00
9199,high,suspended,CA,2024-11-18 00:00:00
26026,high,suspended,US,2024-07-12 00:00:00
4536,medium,suspended,UK,2025-03-26 00:00:00
9437,high,suspended,US,2025-05-06 00:00:00
17616,medium,suspended,UK,2024-08-12 00:00:00
37545,high,suspended,US,2024-11-27 00:00:00
33708,high,suspended,UK,2024-11-06 00:00:00
44645,medium,suspended,US,2025-05-02 00:00:00
18550,high,suspended,US,2025-05-24 00:00:00
44785,high,suspended,US,2025-05-06 00:00:00
26693,high,suspended,US,2024-12-18 00:00:00
12901,high,suspended,CA,2024-08-06 00:00:00
12582,high,suspended,US,2025-04-01 00:00:00
34438,high,suspended,UK,2025-05-29 00:00:00
29940,high,suspended,US,2024-07-14 00:00:00
19434,high,suspended,US,2024-11-06 00:00:00
33118,high,suspended,US,2025-03-14 00:00:00
41068,high,suspended,US,2024-12-10 00:00:00
47462,high,suspended,US,2025-04-26 00:00:00
21752,medium,suspended,US,2024-11-16 00:00:00
26791,high,suspended,US,2024-08-05 00:00:00
24900,high,suspended,CA,2025-05-10 00:00:00
6495,high,suspended,US,2025-05-26 00:00:00
22130,high,suspended,FR,2025-05-17 00:00:00
40101,high,suspended,US,2025-02-25 00:00:00
49385,high,suspended,FR,2024-07-18 00:00:00
13216,high,suspended,US,2025-04-27 00:00:00
32620,high,suspended,US,2025-05-10 00:00:00
15500,high,suspended,US,2025-01-03 00:00:00
49457,high,suspended,CA,2025-02-16 00:00:00
11185,high,suspended,US,2024-12-03 00:00:00
35616,high,suspended,DE,2024-06-10 00:00:00
7674,high,suspended,US,2024-12-03 00:00:00
43864,high,suspended,FR,2024-11-06 00:00:00
48954,high,suspended,CA,2024-09-01 00:00:00
12408,high,suspended,DE,2024-09-18 00:00:00
46818,high,suspended,UK,2024-11-22 00:00:00
10814,high,suspended,CA,2025-02-04 00:00:00
17848,high,suspended,US,2024-09-07 00:00:00
45348,high,suspended,DE,2024-09-24 00:00:00
19517,high,suspended,US,2024-08-10 00:00:00
40705,high,suspended,US,2024-08-19 00:00:00
31822,high,suspended,US,2024-07-10 00:00:00
47666,high,suspended,US,2024-10-30 00:00:00
26732,high,suspended,UK,2024-07-22 00:00:00
45772,high,suspended,US,2025-02-15 00:00:00
39194,high,suspended,US,2025-03-04 00:00:00
25537,high,suspended,US,2025-02-25 00:00:00
12645,high,suspended,US,2024-06-20 00:00:00
13902,high,suspended,US,2025-05-05 00:00:00
29814,high,suspended,US,2024-11-20 00:00:00
5977,high,suspended,UK,2025-04-13 00:00:00
34987,high,suspended,CA,2024-08-07 00:00:00
12418,high,suspended,US,2025-04-02 00:00:00
3651,high,suspended,CA,2024-12-10 00:00:00
23316,high,suspended,US,2024-08-18 00:00:00
4052,high,suspended,US,2024-08-23 00:00:00
40151,high,suspended,UK,2024-09-01 00:00:00
27719,high,suspended,UK,2025-05-21 00:00:00
11810,high,suspended,CA,2025-04-16 00:00:00
18724,high,suspended,CA,2024-08-24 00:00:00
46390,high,suspended,UK,2025-01-11 00:00:00
35347,high,suspended,US,2024-06-23 00:00:00
36627,medium,suspended,US,2024-12-28 00:00:00
13099,high,suspended,UK,2024-12-04 00:00:00
19374,high,suspended,US,2025-05-13 00:00:00
23733,high,suspended,US,2024-09-30 00:00:00
39962,high,suspended,DE,2025-01-14 00:00:00
22027,high,suspended,US,2025-04-09 00:00:00
2732,high,suspended,US,2024-10-24 00:00:00
41655,high,suspended,US,2025-01-16 00:00:00
36712,high,suspended,US,2024-09-28 00:00:00
48285,high,suspended,US,2025-03-01 00:00:00
46399,high,suspended,US,2024-10-01 00:00:00
11225,high,suspended,US,2024-11-06 00:00:00
43783,high,suspended,UK,2025-01-27 00:00:00
49903,high,suspended,DE,2024-09-08 00:00:00
3763,high,suspended,US,2024-12-06 00:00:00
37559,high,suspended,US,2025-05-14 00:00:00
42271,medium,suspended,UK,2025-03-20 00:00:00
34726,high,suspended,US,2025-01-12 00:00:00
17523,high,suspended,US,2025-01-23 00:00:00
18528,high,suspended,US,2024-10-23 00:00:00
29432,high,suspended,US,2024-12-13 00:00:00
39834,high,suspended,US,2025-02-13 00:00:00
24866,high,suspended,US,2025-02-26 00:00:00
23762,high,suspended,UK,2025-01-01 00:00:00
29057,high,suspended,US,2024-08-22 00:00:00
28481,high,suspended,FR,2024-09-11 00:00:00
42134,high,suspended,US,2025-04-06 00:00:00
17119,high,suspended,US,2024-08-10 00:00:00
520,high,suspended,US,2024-10-07 00:00:00
18559,high,suspended,UK,2024-06-27 00:00:00
13650,medium,suspended,CA,2025-04-25 00:00:00
24188,high,suspended,CA,2025-02-02 00:00:00
1721,high,suspended,US,2024-12-08 00:00:00
3994,high,suspended,US,2025-03-11 00:00:00
9113,high,suspended,US,2024-07-23 00:00:00
11202,high,suspended,UK,2025-05-31 00:00:00
9935,high,suspended,US,2025-02-20 00:00:00
3114,high,suspended,US,2024-08-03 00:00:00
37668,high,suspended,US,2024-10-24 00:00:00
4169,high,suspended,DE,2024-07-13 00:00:00
45195,high,suspended,CA,2024-08-22 00:00:00
20449,high,suspended,US,2024-10-18 00:00:00
36038,high,suspended,US,2025-01-17 00:00:00
43348,high,suspended,DE,2025-02-18 00:00:00
4174,high,suspended,US,2024-08-15 00:00:00
39949,high,suspended,US,2025-01-10 00:00:00
14440,high,suspended,FR,2024-07-17 00:00:00
2091,high,suspended,DE,2024-09-22 00:00:00
1976,high,suspended,DE,2025-01-17 00:00:00
35201,high,suspended,US,2024-11-26 00:00:00
995,high,suspended,CA,2024-06-14 00:00:00
4271,medium,suspended,US,2024-12-30 00:00:00
48400,high,suspended,CA,2024-06-28 00:00:00
41661,high,suspended,US,2024-12-20 00:00:00
2094,high,suspended,US,2025-02-13 00:00:00
30501,high,suspended,US,2024-12-09 00:00:00
46694,high,suspended,US,2024-09-29 00:00:00
35774,high,suspended,US,2024-12-15 00:00:00
3897,high,suspended,FR,2024-07-12 00:00:00
15135,high,suspended,US,2024-12-09 00:00:00
32701,high,suspended,US,2024-09-23 00:00:00
5206,high,suspended,US,2024-06-15 00:00:00
26020,high,suspended,CA,2024-11-11 00:00:00
10598,high,suspended,UK,2024-07-21 00:00:00
31049,high,suspended,CA,2025-06-01 00:00:00
45736,high,suspended,US,2025-04-29 00:00:00
31640,high,suspended,US,2024-11-19 00:00:00
43343,high,suspended,CA,2024-08-14 00:00:00
21028,high,suspended,US,2024-08-10 00:00:00
20127,high,suspended,US,2024-06-20 00:00:00
23264,high,suspended,US,2024-10-25 00:00:00
38857,high,suspended,US,2025-01-28 00:00:00
24500,high,suspended,DE,2025-05-23 00:00:00
35613,high,suspended,DE,2024-08-11 00:00:00
9964,high,suspended,US,2025-05-28 00:00:00
8746,high,suspended,UK,2025-01-27 00:00:00
6052,high,suspended,US,2025-01-16 00:00:00
31817,high,suspended,US,2025-04-12 00:00:00
49291,high,suspended,US,2024-06-03 00:00:00
17002,high,suspended,US,2024-07-11 00:00:00
25745,high,suspended,UK,2024-06-10 00:00:00
20923,high,suspended,US,2024-10-10 00:00:00
25882,high,suspended,US,2024-09-19 00:00:00
15926,high,suspended,US,2024-08-16 00:00:00
6928,high,suspended,US,2025-03-08 00:00:00
22994,high,suspended,US,2025-04-08 00:00:00
21122,high,suspended,UK,2025-02-26 00:00:00
24757,high,suspended,US,2025-01-03 00:00:00
16989,high,suspended,FR,2024-07-27 00:00:00
2579,high,suspended,US,2024-10-26 00:00:00
3407,high,suspended,US,2024-09-30 00:00:00
17148,high,suspended,US,2024-11-02 00:00:00
38225,medium,suspended,US,2024-08-02 00:00:00
33923,high,suspended,UK,2024-06-25 00:00:00
6053,high,suspended,US,2024-10-01 00:00:00
15538,high,suspended,US,2025-01-01 00:00:00
16733,high,suspended,UK,2025-04-24 00:00:00
27751,high,suspended,US,2025-04-15 00:00:00
41573,high,suspended,US,2025-01-21 00:00:00
7832,high,suspended,US,2024-07-03 00:00:00
7547,high,suspended,FR,2024-07-27 00:00:00
35624,high,suspended,UK,2025-02-11 00:00:00
18077,high,suspended,FR,2025-04-02 00:00:00
35563,high,suspended,US,2025-03-02 00:00:00
6656,high,suspended,DE,2024-06-09 00:00:00
11605,high,suspended,CA,2025-04-20 00:00:00
30469,high,suspended,CA,2025-02-19 00:00:00
13901,high,suspended,FR,2025-03-22 00:00:00
28833,high,suspended,US,2024-10-02 00:00:00
30996,high,suspended,US,2024-08-13 00:00:00
42712,high,suspended,FR,2024-10-28 00:00:00
43614,high,suspended,US,2025-01-06 00:00:00
39959,high,suspended,DE,2024-06-01 00:00:00
32277,high,suspended,US,2025-04-11 00:00:00
24544,high,suspended,US,2024-11-28 00:00:00
27134,high,suspended,US,2024-10-02 00:00:00
9656,high,suspended,FR,2025-03-20 00:00:00
7958,high,suspended,CA,2024-12-31 00:00:00
47545,high,suspended,US,2024-09-04 00:00:00
22405,high,suspended,CA,2025-05-07 00:00:00
11799,high,suspended,US,2025-05-09 00:00:00
36253,high,suspended,UK,2024-07-14 00:00:00
20415,high,suspended,US,2025-02-24 00:00:00
21428,high,suspended,US,2024-12-02 00:00:00
2820,high,suspended,US,2024-07-05 00:00:00
7950,high,suspended,US,2025-02-25 00:00:00
1799,high,suspended,FR,2025-03-06 00:00:00
27295,high,suspended,US,2025-02-15 00:00:00
13396,high,suspended,US,2025-02-15 00:00:00
12247,high,suspended,CA,2025-03-11 00:00:00
8033,high,suspended,UK,2024-06-11 00:00:00
24336,medium,suspended,US,2024-12-17 00:00:00
44360,medium,suspended,UK,2025-01-27 00:00:00
16653,high,suspended,CA,2024-06-23 00:00:00
379,high,suspended,US,2025-04-22 00:00:00
36605,medium,suspended,US,2024-12-16 00:00:00
13309,high,suspended,DE,2024-12-09 00:00:00
37589,high,suspended,CA,2024-10-08 00:00:00
41529,medium,suspended,UK,2024-06-09 00:00:00
5715,high,suspended,DE,2024-11-30 00:00:00
34057,high,suspended,US,2024-07-05 00:00:00
11921,high,suspended,US,2024-11-24 00:00:00
37304,high,suspended,FR,2024-10-02 00:00:00
37604,high,suspended,CA,2025-05-03 00:00:00
42430,high,suspended,US,2025-04-18 00:00:00
14387,high,suspended,US,2024-07-24 00:00:00
3057,high,suspended,UK,2025-03-25 00:00:00
29915,high,suspended,US,2024-11-18 00:00:00
20276,high,suspended,UK,2024-08-08 00:00:00
49633,high,suspended,CA,2024-06-23 00:00:00
5956,high,suspended,US,2024-11-28 00:00:00
14232,high,suspended,US,2025-03-07 00:00:00
1513,high,suspended,FR,2024-11-21 00:00:00
17005,medium,suspended,US,2025-04-26 00:00:00
40948,high,suspended,CA,2024-08-29 00:00:00
48558,high,suspended,US,2025-05-17 00:00:00
6291,high,suspended,CA,2025-01-24 00:00:00
12749,high,suspended,CA,2025-05-23 00:00:00
12100,high,suspended,CA,2025-02-01 00:00:00
28389,high,suspended,US,2025-04-20 00:00:00
30549,high,suspended,US,2024-09-02 00:00:00
31905,high,suspended,UK,2024-08-09 00:00:00
9636,high,suspended,US,2024-07-03 00:00:00
11462,high,suspended,DE,2025-01-21 00:00:00
48181,high,suspended,US,2024-06-19 00:00:00
4991,high,suspended,US,2024-10-29 00:00:00
39134,high,suspended,US,2024-09-12 00:00:00
374,high,suspended,US,2024-06-23 00:00:00
18840,high,suspended,UK,2024-09-11 00:00:00
22112,high,suspended,US,2024-06-22 00:00:00
41227,high,suspended,US,2024-11-09 00:00:00
2606,high,suspended,US,2024-11-06 00:00:00
45047,high,suspended,CA,2025-02-19 00:00:00
27248,high,suspended,US,2024-12-21 00:00:00
27261,high,suspended,US,2025-03-06 00:00:00
4205,high,suspended,US,2025-01-29 00:00:00
19270,medium,suspended,US,2024-10-08 00:00:00
3752,high,suspended,US,2024-06-19 00:00:00
5596,high,suspended,UK,2025-04-28 00:00:00
14510,high,suspended,UK,2024-09-06 00:00:00
21844,high,suspended,US,2024-10-25 00:00:00
8466,high,suspended,US,2024-11-30 00:00:00
22202,high,suspended,US,2024-06-25 00:00:00
36401,high,suspended,DE,2025-05-02 00:00:00
45749,high,suspended,FR,2024-11-17 00:00:00
37896,high,suspended,FR,2024-10-18 00:00:00
49421,high,suspended,US,2024-08-03 00:00:00
15889,high,suspended,US,2024-12-06 00:00:00
42642,high,suspended,DE,2025-01-10 00:00:00
9803,high,suspended,US,2024-12-22 00:00:00
4441,high,suspended,US,2025-01-12 00:00:00
8187,high,suspended,US,2024-12-15 00:00:00
24045,high,suspended,US,2024-11-21 00:00:00
45207,high,suspended,US,2024-09-04 00:00:00
22257,high,suspended,US,2025-02-10 00:00:00
12028,high,suspended,UK,2025-05-21 00:00:00
17257,high,suspended,UK,2025-02-10 00:00:00
13922,high,suspended,US,2024-12-06 00:00:00
35733,medium,suspended,US,2025-02-21 00:00:00
24710,high,suspended,UK,2024-10-15 00:00:00
32614,high,suspended,UK,2024-07-13 00:00:00
28450,high,suspended,US,2025-01-04 00:00:00
919,high,suspended,UK,2024-07-11 00:00:00
27839,high,suspended,CA,2025-01-07 00:00:00
17864,high,suspended,US,2025-04-05 00:00:00
8607,high,suspended,FR,2024-09-01 00:00:00
7689,high,suspended,US,2025-03-07 00:00:00
30430,high,suspended,US,2024-10-29 00:00:00
36656,high,suspended,DE,2024-11-12 00:00:00
33729,high,suspended,US,2024-07-23 00:00:00
5403,high,suspended,UK,2024-07-11 00:00:00
3252,high,suspended,FR,2024-11-15 00:00:00
35574,high,suspended,US,2025-05-05 00:00:00
18664,high,suspended,CA,2024-10-30 00:00:00
2214,high,suspended,US,2024-11-04 00:00:00
18988,high,suspended,US,2025-01-15 00:00:00
5571,high,suspended,CA,2025-04-05 00:00:00
36811,high,suspended,US,2025-01-05 00:00:00
36240,high,suspended,US,2024-08-25 00:00:00
1172,high,suspended,CA,2025-05-20 00:00:00
36589,high,suspended,CA,2025-01-14 00:00:00
6894,high,suspended,US,2024-11-27 00:00:00
504,high,suspended,DE,2025-01-15 00:00:00
41859,medium,suspended,FR,2024-06-22 00:00:00
37378,high,suspended,US,2024-11-28 00:00:00
40381,medium,suspended,UK,2025-04-11 00:00:00
10166,high,suspended,UK,2025-01-09 00:00:00
33342,high,suspended,US,2024-10-19 00:00:00
35747,high,suspended,CA,2025-04-24 00:00:00
11108,high,suspended,UK,2024-06-30 00:00:00
17163,high,suspended,US,2024-07-09 00:00:00
32653,high,suspended,US,2025-05-10 00:00:00
34364,high,suspended,UK,2025-04-23 00:00:00
31933,high,suspended,US,2024-12-25 00:00:00
38923,high,suspended,CA,2024-12-04 00:00:00
1731,high,suspended,US,2025-02-18 00:00:00
22153,high,suspended,CA,2025-05-14 00:00:00
20623,high,suspended,US,2024-08-21 00:00:00
39065,high,suspended,US,2024-06-16 00:00:00
2515,high,suspended,FR,2024-08-13 00:00:00
38910,high,suspended,UK,2025-04-08 00:00:00
30038,high,suspended,CA,2025-05-14 00:00:00
21261,high,suspended,UK,2025-01-11 00:00:00
21759,high,suspended,DE,2024-06-18 00:00:00
12410,high,suspended,US,2024-08-04 00:00:00
17870,high,suspended,DE,2024-07-05 00:00:00
4672,high,suspended,UK,2024-09-29 00:00:00
21579,high,suspended,US,2025-04-27 00:00:00
22968,high,suspended,US,2024-12-05 00:00:00
1906,high,suspended,US,2024-12-03 00:00:00
993,medium,suspended,UK,2024-12-14 00:00:00
1861,high,suspended,US,2025-03-18 00:00:00
18597,high,suspended,US,2024-06-17 00:00:00
38026,high,suspended,US,2025-04-06 00:00:00
40900,high,suspended,UK,2024-08-18 00:00:00
12363,medium,suspended,CA,2025-05-14 00:00:00
25010,high,suspended,UK,2025-01-17 00:00:00
30984,high,suspended,CA,2024-12-07 00:00:00
20031,high,suspended,UK,2024-12-08 00:00:00
33476,high,suspended,US,2025-01-14 00:00:00
27211,high,suspended,US,2024-07-10 00:00:00
27387,high,suspended,DE,2025-03-21 00:00:00
33812,high,suspended,US,2024-08-10 00:00:00
18821,high,suspended,US,2025-02-27 00:00:00
12975,high,suspended,US,2024-12-05 00:00:00
11384,medium,suspended,US,2024-12-21 00:00:00
47055,high,suspended,US,2024-11-08 00:00:00
11943,medium,suspended,US,2025-04-29 00:00:00
21828,high,suspended,CA,2024-10-21 00:00:00
73,high,suspended,FR,2024-10-06 00:00:00
11639,high,suspended,UK,2024-07-29 00:00:00
49024,high,suspended,US,2024-06-14 00:00:00
7344,high,suspended,US,2024-09-04 00:00:00
26213,high,suspended,US,2025-02-11 00:00:00
46327,high,suspended,US,2025-02-21 00:00:00
1954,high,suspended,US,2024-12-16 00:00:00
46152,high,suspended,US,2025-03-15 00:00:00
22781,high,suspended,US,2024-07-31 00:00:00
6617,high,suspended,CA,2024-10-13 00:00:00
24655,high,suspended,US,2024-10-12 00:00:00
12380,high,suspended,US,2025-05-27 00:00:00
20460,high,suspended,US,2025-01-15 00:00:00
34959,high,suspended,UK,2024-09-18 00:00:00
6204,high,suspended,UK,2025-04-10 00:00:00
45036,high,suspended,US,2024-10-25 00:00:00
33332,high,suspended,US,2025-05-22 00:00:00
28800,high,suspended,FR,2025-02-07 00:00:00
24517,high,suspended,US,2024-09-11 00:00:00
49644,high,suspended,US,2024-08-02 00:00:00
35002,high,suspended,FR,2024-08-09 00:00:00
34127,medium,suspended,UK,2024-07-08 00:00:00
42031,high,suspended,UK,2025-01-18 00:00:00
24475,high,suspended,DE,2024-08-28 00:00:00
44964,high,suspended,US,2025-06-01 00:00:00
48051,high,suspended,CA,2025-01-14 00:00:00
18462,high,suspended,US,2024-07-15 00:00:00
9878,high,suspended,FR,2025-05-16 00:00:00
27686,high,suspended,US,2024-11-11 00:00:00
30351,medium,suspended,CA,2025-05-08 00:00:00
44603,high,suspended,US,2024-11-25 00:00:00
15890,medium,suspended,UK,2025-05-30 00:00:00
45967,high,suspended,US,2024-07-04 00:00:00
14061,high,suspended,CA,2025-03-09 00:00:00
26150,high,suspended,UK,2025-03-05 00:00:00
48146,high,suspended,DE,2024-10-27 00:00:00
1100,high,suspended,FR,2024-11-01 00:00:00
29780,high,suspended,CA,2024-08-20 00:00:00
10322,high,suspended,CA,2025-05-31 00:00:00
39873,high,suspended,DE,2025-05-30 00:00:00
17283,high,suspended,US,2025-05-25 00:00:00
34755,high,suspended,UK,2025-04-23 00:00:00
24791,high,suspended,CA,2024-08-29 00:00:00
34704,medium,suspended,US,2024-12-03 00:00:00
26807,high,suspended,US,2025-02-16 00:00:00
41394,high,suspended,US,2024-09-23 00:00:00
15039,high,suspended,DE,2024-08-02 00:00:00
428,high,suspended,US,2024-09-11 00:00:00
37622,high,suspended,CA,2024-08-11 00:00:00
18197,high,suspended,US,2024-09-30 00:00:00
36832,high,suspended,UK,2025-02-08 00:00:00
40875,high,suspended,US,2024-06-14 00:00:00
10094,medium,suspended,US,2024-12-02 00:00:00
28916,high,suspended,US,2025-03-11 00:00:00
4304,high,suspended,FR,2025-03-21 00:00:00
4474,high,suspended,US,2024-12-06 00:00:00
32050,high,suspended,US,2025-01-26 00:00:00
46291,high,suspended,US,2025-03-10 00:00:00
11301,high,suspended,FR,2024-08-06 00:00:00
4093,high,suspended,US,2025-04-10 00:00:00
13130,high,suspended,US,2024-07-15 00:00:00
34835,high,suspended,FR,2024-07-04 00:00:00
38314,high,suspended,US,2024-11-06 00:00:00
13261,high,suspended,CA,2024-12-21 00:00:00
24332,high,suspended,CA,2025-02-01 00:00:00
14538,high,suspended,US,2025-02-25 00:00:00
26682,high,suspended,US,2024-12-28 00:00:00
16869,high,suspended,DE,2024-12-27 00:00:00
23858,high,suspended,US,2025-03-22 00:00:00
20308,high,suspended,US,2024-07-08 00:00:00
3619,high,suspended,UK,2024-08-04 00:00:00
45979,medium,suspended,US,2024-11-10 00:00:00
8332,high,suspended,US,2025-04-25 00:00:00
1493,high,suspended,US,2024-07-08 00:00:00
45918,high,suspended,US,2025-01-17 00:00:00
8199,medium,suspended,US,2025-01-25 00:00:00
12648,high,suspended,US,2025-05-15 00:00:00
33571,high,suspended,CA,2025-02-20 00:00:00
6402,high,suspended,US,2024-11-24 00:00:00
39446,high,suspended,US,2024-08-05 00:00:00
21403,high,suspended,US,2025-03-10 00:00:00
30857,high,suspended,DE,2025-04-24 00:00:00
49243,high,suspended,US,2025-03-28 00:00:00
24027,high,suspended,UK,2024-09-02 00:00:00
21948,high,suspended,US,2024-08-06 00:00:00
45855,high,suspended,US,2025-01-08 00:00:00
4416,high,suspended,US,2025-02-13 00:00:00
21148,high,suspended,US,2024-06-29 00:00:00
9523,high,suspended,US,2024-08-03 00:00:00
4937,high,suspended,US,2025-02-21 00:00:00
34178,high,suspended,CA,2024-08-18 00:00:00
17383,high,suspended,US,2024-11-03 00:00:00
5782,high,suspended,UK,2024-08-24 00:00:00
42438,high,suspended,US,2024-08-22 00:00:00
2836,high,suspended,US,2024-11-13 00:00:00
38096,high,suspended,US,2025-05-30 00:00:00
19090,high,suspended,US,2024-09-24 00:00:00
24991,high,suspended,US,2024-11-25 00:00:00
27632,high,suspended,CA,2025-02-21 00:00:00
143,high,suspended,DE,2024-10-24 00:00:00
21643,high,suspended,DE,2024-07-11 00:00:00
800,high,suspended,CA,2024-10-07 00:00:00
46494,high,suspended,US,2024-09-09 00:00:00
32960,high,suspended,US,2025-04-22 00:00:00
44651,high,suspended,US,2025-03-10 00:00:00
22059,high,suspended,US,2024-10-19 00:00:00
4625,high,suspended,FR,2024-08-04 00:00:00
40606,high,suspended,DE,2025-04-17 00:00:00
42473,high,suspended,CA,2024-11-03 00:00:00
46639,high,suspended,US,2025-04-11 00:00:00
30536,high,suspended,US,2025-03-01 00:00:00
11285,high,suspended,US,2024-07-18 00:00:00
32249,high,suspended,CA,2025-02-13 00:00:00
20019,high,suspended,UK,2025-04-25 00:00:00
49447,high,suspended,UK,2024-08-26 00:00:00
832,high,suspended,UK,2025-03-31 00:00:00
2529,high,suspended,US,2025-03-25 00:00:00
48157,high,suspended,US,2024-08-18 00:00:00
26350,high,suspended,US,2024-08-27 00:00:00
2340,high,suspended,CA,2025-05-04 00:00:00
17258,high,suspended,US,2025-04-16 00:00:00
10301,high,suspended,UK,2025-04-06 00:00:00
49979,high,suspended,US,2024-11-20 00:00:00
10991,high,suspended,CA,2025-03-16 00:00:00
8602,medium,suspended,US,2024-06-22 00:00:00
26517,high,suspended,UK,2024-06-15 00:00:00
17505,high,suspended,UK,2024-07-12 00:00:00
19373,high,suspended,US,2024-06-24 00:00:00
36195,high,suspended,CA,2025-04-25 00:00:00
9059,high,suspended,US,2025-03-23 00:00:00
48081,high,suspended,US,2024-10-14 00:00:00
48716,high,suspended,US,2025-04-30 00:00:00
16828,high,suspended,US,2024-09-16 00:00:00
44888,high,suspended,FR,2025-03-20 00:00:00
35016,high,suspended,DE,2024-12-31 00:00:00
33569,high,suspended,CA,2025-04-13 00:00:00
24453,high,suspended,CA,2025-04-24 00:00:00
22647,high,suspended,US,2024-06-16 00:00:00
4507,high,suspended,US,2025-02-10 00:00:00
7683,high,suspended,US,2025-04-18 00:00:00
49049,high,suspended,US,2025-03-07 00:00:00
16050,high,suspended,US,2024-10-27 00:00:00
40308,high,suspended,FR,2025-04-25 00:00:00
41203,high,suspended,US,2024-11-02 00:00:00
41645,high,suspended,US,2025-02-03 00:00:00
41366,high,suspended,US,2024-10-04 00:00:00
27515,high,suspended,US,2025-05-17 00:00:00
35972,high,suspended,US,2024-12-25 00:00:00
26117,high,suspended,US,2024-10-31 00:00:00
18843,high,suspended,UK,2025-01-19 00:00:00
12096,high,suspended,FR,2024-07-08 00:00:00
31451,high,suspended,US,2025-05-19 00:00:00
40570,high,suspended,US,2024-07-01 00:00:00
10338,high,suspended,US,2024-08-20 00:00:00
6324,high,suspended,CA,2025-01-12 00:00:00
36085,high,suspended,FR,2024-12-30 00:00:00
40220,high,suspended,US,2025-02-03 00:00:00
18508,high,suspended,US,2025-01-24 00:00:00
27404,high,suspended,UK,2024-09-13 00:00:00
11875,high,suspended,US,2024-11-22 00:00:00
47367,high,suspended,US,2025-04-07 00:00:00
28886,high,suspended,CA,2024-08-13 00:00:00
18273,medium,suspended,US,2024-11-08 00:00:00
20238,high,suspended,FR,2024-11-11 00:00:00
44011,high,suspended,US,2024-11-24 00:00:00
17623,high,suspended,US,2024-12-22 00:00:00
15283,high,suspended,CA,2024-08-06 00:00:00
3023,high,suspended,US,2024-12-07 00:00:00
49848,high,suspended,FR,2025-02-19 00:00:00
38860,high,suspended,US,2025-03-15 00:00:00
1637,high,suspended,CA,2024-07-25 00:00:00
24409,high,suspended,FR,2024-11-11 00:00:00
22249,high,suspended,US,2024-10-02 00:00:00
10734,high,suspended,UK,2025-01-25 00:00:00
34790,high,suspended,US,2024-08-02 00:00:00
23071,high,suspended,US,2024-10-15 00:00:00
11685,high,suspended,US,2025-01-17 00:00:00
49709,high,suspended,US,2024-10-05 00:00:00
37918,high,suspended,US,2024-08-12 00:00:00
12906,medium,suspended,UK,2024-07-20 00:00:00
29138,high,suspended,US,2024-06-26 00:00:00
26063,high,suspended,UK,2024-10-27 00:00:00
42303,high,suspended,UK,2024-12-14 00:00:00
25136,high,suspended,UK,2025-04-12 00:00:00
49882,high,suspended,UK,2025-01-01 00:00:00
25061,medium,suspended,FR,2024-10-06 00:00:00
20082,high,suspended,US,2024-08-21 00:00:00
2883,high,suspended,US,2024-11-15 00:00:00
8005,high,suspended,US,2025-03-23 00:00:00
12776,high,suspended,US,2024-11-08 00:00:00
36961,high,suspended,US,2024-09-06 00:00:00
42374,high,suspended,US,2024-08-21 00:00:00
39852,high,suspended,US,2025-02-11 00:00:00
700,high,suspended,UK,2025-02-19 00:00:00
45843,high,suspended,US,2025-01-26 00:00:00
44791,high,suspended,US,2025-02-11 00:00:00
45061,high,suspended,US,2024-11-05 00:00:00
7760,high,suspended,US,2025-02-10 00:00:00
45760,high,suspended,US,2024-06-12 00:00:00
22107,high,suspended,UK,2024-07-17 00:00:00
42343,high,suspended,DE,2024-12-19 00:00:00
23048,high,suspended,US,2025-02-14 00:00:00
25331,high,suspended,UK,2025-01-21 00:00:00
15267,high,suspended,US,2024-10-02 00:00:00
42049,high,suspended,FR,2024-09-19 00:00:00
24371,high,suspended,US,2025-03-26 00:00:00
21982,high,suspended,US,2024-11-28 00:00:00
4012,high,suspended,DE,2024-06-25 00:00:00
33990,high,suspended,US,2024-06-26 00:00:00
17019,high,suspended,US,2024-10-23 00:00:00
12859,medium,suspended,CA,2025-02-09 00:00:00
15153,high,suspended,US,2025-04-02 00:00:00
11958,high,suspended,US,2025-05-01 00:00:00
46101,high,suspended,US,2025-05-11 00:00:00
14624,high,suspended,DE,2025-01-27 00:00:00
1137,high,suspended,CA,2024-10-25 00:00:00
25438,high,suspended,UK,2025-03-02 00:00:00
32686,high,suspended,US,2024-06-05 00:00:00
25497,high,suspended,US,2024-07-26 00:00:00
24703,high,suspended,US,2025-01-07 00:00:00
32278,high,suspended,US,2024-08-08 00:00:00
7622,high,suspended,US,2024-10-14 00:00:00
25901,high,suspended,US,2024-12-05 00:00:00
17315,high,suspended,US,2024-12-24 00:00:00
43435,high,suspended,US,2024-12-05 00:00:00
10144,high,suspended,US,2024-06-24 00:00:00
26388,high,suspended,CA,2024-12-23 00:00:00
5577,high,suspended,US,2024-06-27 00:00:00
14959,high,suspended,UK,2025-03-19 00:00:00
11194,medium,suspended,US,2025-03-15 00:00:00
1575,high,suspended,US,2024-09-08 00:00:00
44326,high,suspended,US,2024-12-03 00:00:00
28024,high,suspended,CA,2025-03-11 00:00:00
47175,high,suspended,US,2024-10-26 00:00:00
36901,high,suspended,US,2024-07-08 00:00:00
29956,high,suspended,US,2024-12-15 00:00:00
1379,high,suspended,FR,2025-02-14 00:00:00
21380,high,suspended,UK,2025-01-17 00:00:00
38766,high,suspended,US,2025-03-09 00:00:00
27464,high,suspended,US,2024-10-22 00:00:00
13457,high,suspended,US,2025-04-16 00:00:00
10345,high,suspended,US,2025-05-15 00:00:00
11003,high,suspended,US,2025-04-09 00:00:00
5189,high,suspended,US,2024-07-31 00:00:00
31458,high,suspended,US,2024-08-05 00:00:00
28401,high,suspended,FR,2024-07-20 00:00:00
26326,high,suspended,US,2024-12-19 00:00:00
37028,high,suspended,CA,2024-12-09 00:00:00
38297,high,suspended,US,2024-11-21 00:00:00
17392,high,suspended,US,2025-03-13 00:00:00
45910,high,suspended,DE,2024-12-05 00:00:00
46995,high,suspended,DE,2024-08-13 00:00:00
10500,high,suspended,DE,2024-09-10 00:00:00
4606,high,suspended,US,2025-04-05 00:00:00
25252,high,suspended,US,2025-02-16 00:00:00
46485,high,suspended,DE,2024-12-23 00:00:00
39876,high,suspended,US,2025-02-12 00:00:00
434,high,suspended,US,2024-06-21 00:00:00
25300,high,suspended,UK,2024-06-24 00:00:00
49717,high,suspended,US,2024-06-20 00:00:00
29318,high,suspended,US,2024-08-10 00:00:00
45083,high,suspended,FR,2025-06-01 00:00:00
27183,high,suspended,US,2024-11-18 00:00:00
37008,medium,suspended,UK,2025-01-29 00:00:00
10381,high,suspended,FR,2025-02-21 00:00:00
19151,high,suspended,UK,2025-01-20 00:00:00
5490,high,suspended,UK,2024-08-16 00:00:00
9443,high,suspended,US,2025-04-07 00:00:00
47029,high,suspended,CA,2025-02-19 00:00:00
23308,high,suspended,UK,2024-08-11 00:00:00
4799,high,suspended,US,2024-11-15 00:00:00
11367,high,suspended,US,2025-04-10 00:00:00
32545,high,suspended,US,2024-11-11 00:00:00
22950,high,suspended,UK,2024-08-23 00:00:00
7127,high,suspended,US,2024-12-19 00:00:00
24746,high,suspended,US,2025-04-12 00:00:00
47500,high,suspended,US,2024-11-01 00:00:00
15067,high,suspended,US,2025-03-31 00:00:00
29773,high,suspended,US,2024-11-20 00:00:00
40360,high,suspended,UK,2025-02-15 00:00:00
34034,high,suspended,UK,2025-02-16 00:00:00
45306,high,suspended,DE,2025-02-28 00:00:00
11360,medium,suspended,US,2025-02-06 00:00:00
6912,medium,suspended,US,2025-05-29 00:00:00
28499,high,suspended,UK,2025-03-16 00:00:00
1196,high,suspended,US,2024-11-01 00:00:00
12801,high,suspended,CA,2025-01-30 00:00:00
5487,high,suspended,US,2024-06-09 00:00:00
45944,high,suspended,US,2024-12-06 00:00:00
2518,high,suspended,DE,2024-11-17 00:00:00
9923,medium,suspended,FR,2025-05-11 00:00:00
47888,high,suspended,FR,2024-07-27 00:00:00
291,high,suspended,US,2024-12-31 00:00:00
15748,high,suspended,CA,2025-03-26 00:00:00
25068,medium,suspended,UK,2024-11-05 00:00:00
42457,high,suspended,US,2025-05-19 00:00:00
14008,medium,suspended,US,2025-04-19 00:00:00
6239,high,suspended,US,2024-06-14 00:00:00
10801,high,suspended,US,2025-04-02 00:00:00
42990,high,suspended,US,2025-01-29 00:00:00
39855,high,suspended,FR,2024-10-14 00:00:00
27986,high,suspended,US,2025-05-02 00:00:00
31332,high,suspended,US,2025-03-24 00:00:00
44181,high,suspended,FR,2025-03-23 00:00:00
49943,medium,suspended,CA,2024-09-25 00:00:00
6980,high,suspended,CA,2024-06-27 00:00:00
20740,high,suspended,US,2025-03-26 00:00:00
33620,high,suspended,US,2025-02-01 00:00:00
32829,high,suspended,US,2024-08-27 00:00:00
31781,high,suspended,CA,2025-02-24 00:00:00
31351,high,suspended,UK,2025-04-19 00:00:00
47179,high,suspended,US,2025-04-14 00:00:00
1321,high,suspended,UK,2024-12-12 00:00:00
41399,high,suspended,DE,2024-08-15 00:00:00
24889,high,suspended,US,2025-05-15 00:00:00
32080,high,suspended,CA,2024-10-03 00:00:00
39344,high,suspended,US,2024-06-17 00:00:00
5689,high,suspended,DE,2025-03-21 00:00:00
26438,high,suspended,FR,2025-05-25 00:00:00
8740,high,suspended,US,2024-07-27 00:00:00
24050,high,suspended,CA,2024-09-06 00:00:00
11953,high,suspended,US,2024-06-10 00:00:00
17225,high,suspended,US,2025-01-12 00:00:00
24911,high,suspended,UK,2024-11-08 00:00:00
22229,high,suspended,US,2025-01-01 00:00:00
33426,high,suspended,US,2024-08-17 00:00:00
11764,high,suspended,US,2024-12-29 00:00:00
35370,high,suspended,US,2025-05-20 00:00:00
44222,high,suspended,UK,2024-09-13 00:00:00
23337,high,suspended,US,2024-12-28 00:00:00
6184,high,suspended,UK,2025-02-12 00:00:00
12249,high,suspended,US,2025-04-10 00:00:00
12934,high,suspended,US,2025-01-28 00:00:00
21938,high,suspended,US,2024-07-02 00:00:00
42061,high,suspended,DE,2025-05-28 00:00:00
48950,high,suspended,UK,2024-08-10 00:00:00
36156,high,suspended,CA,2025-02-21 00:00:00
45463,high,suspended,UK,2024-09-15 00:00:00
124,high,suspended,US,2025-03-15 00:00:00
28329,high,suspended,US,2024-11-14 00:00:00
9418,high,suspended,US,2025-05-06 00:00:00
82,high,suspended,US,2025-01-31 00:00:00
27597,high,suspended,CA,2025-02-25 00:00:00
22512,high,suspended,US,2024-12-10 00:00:00
40823,high,suspended,US,2024-11-08 00:00:00
25612,high,suspended,CA,2024-08-28 00:00:00
30278,high,suspended,US,2025-01-22 00:00:00
46638,high,suspended,US,2025-02-28 00:00:00
27651,high,suspended,UK,2024-11-23 00:00:00
33,high,suspended,US,2025-03-07 00:00:00
32511,high,suspended,DE,2024-11-29 00:00:00
46164,high,suspended,US,2025-05-13 00:00:00
25761,high,suspended,UK,2025-05-15 00:00:00
49120,high,suspended,US,2025-04-26 00:00:00
25213,high,suspended,DE,2025-05-21 00:00:00
40710,high,suspended,US,2024-10-14 00:00:00
37442,high,suspended,US,2025-04-09 00:00:00
12853,high,suspended,US,2025-02-03 00:00:00
6104,high,suspended,US,2024-09-07 00:00:00
15833,medium,suspended,US,2024-10-05 00:00:00
16679,high,suspended,CA,2024-10-21 00:00:00
31558,high,suspended,UK,2025-03-13 00:00:00
14270,high,suspended,UK,2024-10-31 00:00:00
35711,high,suspended,DE,2024-09-24 00:00:00
317,high,suspended,FR,2024-10-31 00:00:00
4221,high,suspended,US,2024-10-26 00:00:00
23948,high,suspended,US,2025-05-27 00:00:00
5285,high,suspended,DE,2024-09-15 00:00:00
28064,high,suspended,UK,2025-05-20 00:00:00
98,high,suspended,CA,2025-05-27 00:00:00
29784,high,suspended,US,2025-02-06 00:00:00
15997,high,suspended,US,2024-11-10 00:00:00
38115,high,suspended,FR,2025-02-01 00:00:00
1299,high,suspended,UK,2024-11-26 00:00:00
37746,high,suspended,US,2025-03-14 00:00:00
11288,high,suspended,DE,2024-10-19 00:00:00
38684,high,suspended,CA,2024-10-26 00:00:00
1089,high,suspended,US,2024-08-02 00:00:00
1098,high,suspended,DE,2025-03-21 00:00:00
33699,high,suspended,US,2025-05-13 00:00:00
27501,high,suspended,US,2025-03-06 00:00:00
41667,high,suspended,CA,2024-12-12 00:00:00
45154,high,suspended,UK,2024-12-20 00:00:00
7650,high,suspended,CA,2024-11-24 00:00:00
41305,high,suspended,US,2024-08-14 00:00:00
3105,high,suspended,US,2024-10-27 00:00:00
38920,high,suspended,US,2024-06-22 00:00:00
2700,medium,suspended,US,2024-10-26 00:00:00
45377,high,suspended,DE,2025-06-01 00:00:00
19796,high,suspended,US,2024-07-11 00:00:00
9925,high,suspended,US,2024-11-25 00:00:00
43078,high,suspended,US,2025-01-13 00:00:00
15674,high,suspended,CA,2025-05-02 00:00:00
37783,high,suspended,UK,2024-10-10 00:00:00
9320,high,suspended,UK,2025-02-01 00:00:00
40763,high,suspended,US,2024-09-18 00:00:00
8884,high,suspended,US,2024-09-12 00:00:00
48252,high,suspended,UK,2025-03-03 00:00:00
26909,high,suspended,US,2024-10-17 00:00:00
1244,high,suspended,US,2025-03-15 00:00:00
13338,high,suspended,US,2025-05-23 00:00:00
9301,high,suspended,US,2024-10-18 00:00:00
30127,high,suspended,UK,2024-08-10 00:00:00
17443,high,suspended,US,2024-07-26 00:00:00
30008,high,suspended,DE,2025-04-12 00:00:00
40674,high,suspended,US,2025-03-28 00:00:00
5839,high,suspended,US,2024-10-01 00:00:00
41325,high,suspended,US,2024-10-03 00:00:00
21998,high,suspended,US,2024-06-26 00:00:00
40866,high,suspended,UK,2025-05-09 00:00:00
14357,high,suspended,CA,2025-02-27 00:00:00
42152,high,suspended,US,2024-09-24 00:00:00
31052,high,suspended,US,2025-04-23 00:00:00
16747,high,suspended,UK,2024-09-28 00:00:00
21859,high,suspended,DE,2024-06-27 00:00:00
21311,high,suspended,US,2024-07-22 00:00:00
1998,high,suspended,US,2024-12-29 00:00:00
22166,high,suspended,US,2024-11-17 00:00:00
34996,medium,suspended,US,2025-01-28 00:00:00
34150,high,suspended,DE,2024-07-22 00:00:00
36698,high,suspended,US,2025-05-15 00:00:00
38891,high,suspended,DE,2024-08-10 00:00:00
17566,high,suspended,CA,2024-06-03 00:00:00
28256,high,suspended,CA,2025-03-09 00:00:00
895,high,suspended,US,2024-08-20 00:00:00
3468,medium,suspended,FR,2024-12-26 00:00:00
14594,high,suspended,US,2025-05-01 00:00:00
24,high,suspended,CA,2025-01-30 00:00:00
7319,high,suspended,CA,2025-01-31 00:00:00
28931,high,suspended,US,2025-04-30 00:00:00
34809,high,suspended,DE,2024-09-11 00:00:00
29310,high,suspended,US,2024-10-26 00:00:00
41875,high,suspended,US,2024-11-12 00:00:00
13991,high,suspended,US,2024-10-25 00:00:00
39152,high,suspended,US,2025-04-27 00:00:00
23709,high,suspended,FR,2024-07-01 00:00:00
40096,high,suspended,CA,2024-07-16 00:00:00
47303,high,suspended,CA,2025-04-30 00:00:00
18594,high,suspended,US,2025-03-21 00:00:00
48840,medium,suspended,UK,2024-09-27 00:00:00
25380,medium,suspended,US,2025-03-01 00:00:00
24059,medium,suspended,UK,2024-06-20 00:00:00
35143,high,suspended,US,2024-08-29 00:00:00
24113,high,suspended,US,2024-12-31 00:00:00
5021,high,suspended,US,2024-08-30 00:00:00
38708,high,suspended,US,2024-06-19 00:00:00
8361,high,suspended,DE,2024-12-21 00:00:00
44245,high,suspended,CA,2025-02-09 00:00:00
41954,high,suspended,US,2024-09-04 00:00:00
32842,high,suspended,CA,2024-10-27 00:00:00
16632,high,suspended,UK,2024-06-20 00:00:00
42645,high,suspended,CA,2024-06-05 00:00:00
36375,high,suspended,UK,2024-10-31 00:00:00
46734,high,suspended,US,2025-03-18 00:00:00
23394,high,suspended,US,2025-04-05 00:00:00
9793,high,suspended,CA,2024-07-25 00:00:00
28344,high,suspended,US,2024-11-19 00:00:00
4273,high,suspended,US,2024-10-24 00:00:00
19556,high,suspended,US,2025-01-19 00:00:00
28,high,suspended,DE,2025-04-25 00:00:00
43712,high,suspended,US,2025-03-06 00:00:00
16951,high,suspended,US,2025-02-24 00:00:00
16204,high,suspended,CA,2025-02-08 00:00:00
45148,high,suspended,US,2024-08-08 00:00:00
27794,high,suspended,UK,2025-02-14 00:00:00
48242,high,suspended,US,2025-01-26 00:00:00
13755,high,suspended,US,2024-10-18 00:00:00
26815,high,suspended,DE,2024-09-07 00:00:00
22348,high,suspended,FR,2024-07-28 00:00:00
28936,high,suspended,UK,2024-11-17 00:00:00
40811,high,suspended,US,2024-08-23 00:00:00
44774,high,suspended,US,2025-01-21 00:00:00
32168,high,suspended,US,2025-04-28 00:00:00
26629,high,suspended,US,2024-10-10 00:00:00
25200,high,suspended,US,2024-09-04 00:00:00
17719,high,suspended,US,2024-06-08 00:00:00
31560,high,suspended,US,2024-11-20 00:00:00
47237,high,suspended,CA,2024-10-30 00:00:00
18578,high,suspended,UK,2025-03-18 00:00:00
2062,high,suspended,US,2025-05-12 00:00:00
9323,high,suspended,UK,2024-09-07 00:00:00
16539,high,suspended,CA,2024-08-29 00:00:00
47307,high,suspended,US,2025-04-09 00:00:00
13751,medium,suspended,US,2025-04-24 00:00:00
8158,high,suspended,CA,2024-12-25 00:00:00
27918,high,suspended,CA,2025-01-05 00:00:00
27987,high,suspended,US,2025-02-19 00:00:00
15699,high,suspended,US,2024-11-15 00:00:00
22450,high,suspended,FR,2024-07-15 00:00:00
27703,high,suspended,US,2024-12-23 00:00:00
6693,high,suspended,US,2025-05-09 00:00:00
46550,high,suspended,US,2024-07-19 00:00:00
2695,high,suspended,US,2024-09-03 00:00:00
28482,high,suspended,DE,2024-08-11 00:00:00
5545,high,suspended,US,2025-01-31 00:00:00
36785,high,suspended,US,2024-11-13 00:00:00
25837,high,suspended,UK,2024-10-06 00:00:00
39326,high,suspended,US,2024-06-04 00:00:00
47568,medium,suspended,UK,2024-10-12 00:00:00
4708,high,suspended,CA,2024-12-14 00:00:00
22617,high,suspended,UK,2024-09-29 00:00:00
21482,high,suspended,US,2025-01-15 00:00:00
11699,high,suspended,US,2024-10-15 00:00:00
23580,high,suspended,US,2024-11-16 00:00:00
7833,high,suspended,CA,2024-11-02 00:00:00
29919,high,suspended,US,2025-03-26 00:00:00
24128,high,suspended,CA,2025-03-21 00:00:00
8021,high,suspended,US,2024-06-06 00:00:00
7241,high,suspended,US,2024-10-12 00:00:00
12551,high,suspended,US,2025-05-01 00:00:00
4438,high,suspended,CA,2024-12-02 00:00:00
30596,high,suspended,UK,2025-05-21 00:00:00
40566,high,suspended,US,2024-09-29 00:00:00
20116,high,suspended,UK,2024-07-02 00:00:00
43398,high,suspended,US,2025-05-08 00:00:00
7204,high,suspended,FR,2024-07-31 00:00:00
36450,high,suspended,US,2025-01-25 00:00:00
2324,high,suspended,UK,2024-11-05 00:00:00
31368,high,suspended,US,2024-08-21 00:00:00
23171,high,suspended,UK,2024-12-25 00:00:00
48779,high,suspended,US,2025-05-18 00:00:00
23641,high,suspended,US,2025-02-13 00:00:00
23873,medium,suspended,US,2025-05-27 00:00:00
22529,high,suspended,UK,2024-11-07 00:00:00
45210,high,suspended,US,2025-05-20 00:00:00
38632,medium,suspended,FR,2024-07-31 00:00:00
41108,high,suspended,UK,2025-04-24 00:00:00
4133,medium,suspended,UK,2024-10-30 00:00:00
28828,high,suspended,UK,2024-12-06 00:00:00
32087,high,suspended,UK,2025-04-11 00:00:00
40765,high,suspended,CA,2024-09-22 00:00:00
25946,high,suspended,UK,2024-09-21 00:00:00
28798,high,suspended,US,2024-08-08 00:00:00
8661,high,suspended,US,2025-01-31 00:00:00
39905,high,suspended,US,2024-08-18 00:00:00
29727,medium,suspended,UK,2025-01-19 00:00:00
7386,high,suspended,US,2025-04-07 00:00:00
9010,high,suspended,UK,2024-12-09 00:00:00
44382,high,suspended,US,2024-12-30 00:00:00
40396,high,suspended,FR,2025-05-26 00:00:00
16247,high,suspended,US,2025-03-09 00:00:00
2204,high,suspended,US,2025-01-28 00:00:00
10355,high,suspended,US,2025-03-03 00:00:00
23815,high,suspended,US,2025-05-07 00:00:00
27293,high,suspended,DE,2024-09-20 00:00:00
46106,high,suspended,UK,2024-10-05 00:00:00
35651,high,suspended,US,2025-05-15 00:00:00
49735,high,suspended,US,2025-04-02 00:00:00
24025,high,suspended,US,2024-07-12 00:00:00
31996,high,suspended,FR,2025-02-25 00:00:00
23696,high,suspended,US,2025-01-15 00:00:00
14307,high,suspended,US,2025-02-26 00:00:00
38586,high,suspended,US,2025-05-27 00:00:00
22008,high,suspended,US,2024-12-03 00:00:00
40978,high,suspended,US,2024-07-10 00:00:00
27843,high,suspended,US,2025-03-16 00:00:00
41090,high,suspended,FR,2024-07-28 00:00:00
37981,high,suspended,US,2024-07-02 00:00:00
27650,high,suspended,UK,2025-03-08 00:00:00
2561,high,suspended,US,2025-02-14 00:00:00
9162,high,suspended,US,2024-09-12 00:00:00
23651,high,suspended,CA,2025-03-21 00:00:00
48639,high,suspended,US,2025-03-02 00:00:00
31171,high,suspended,US,2024-08-16 00:00:00
18436,high,suspended,US,2024-08-24 00:00:00
40950,high,suspended,CA,2024-11-15 00:00:00
45742,high,suspended,US,2025-02-22 00:00:00
39517,high,suspended,US,2025-01-13 00:00:00
20513,high,suspended,US,2024-07-30 00:00:00
48512,high,suspended,UK,2025-05-15 00:00:00
28682,high,suspended,UK,2024-09-14 00:00:00
19273,high,suspended,UK,2025-03-26 00:00:00
4839,high,suspended,US,2025-02-06 00:00:00
5942,high,suspended,US,2024-07-17 00:00:00
14703,high,suspended,US,2025-02-17 00:00:00
15957,high,suspended,UK,2025-01-15 00:00:00
35399,high,suspended,UK,2024-06-29 00:00:00
22374,high,suspended,US,2025-01-19 00:00:00
3427,high,suspended,CA,2024-08-07 00:00:00
34318,high,suspended,FR,2025-02-18 00:00:00
42714,high,suspended,FR,2024-12-30 00:00:00
29164,high,suspended,US,2025-01-20 00:00:00
37658,high,suspended,CA,2025-03-16 00:00:00
38853,high,suspended,DE,2024-06-30 00:00:00
15006,high,suspended,US,2025-03-14 00:00:00
29709,high,suspended,US,2025-01-23 00:00:00
8009,high,suspended,UK,2025-05-11 00:00:00
23249,medium,suspended,US,2024-11-05 00:00:00
5851,high,suspended,FR,2024-06-12 00:00:00
20982,high,suspended,US,2024-12-20 00:00:00
12628,high,suspended,CA,2024-10-09 00:00:00
22885,high,suspended,US,2024-06-02 00:00:00
34976,high,suspended,US,2024-09-20 00:00:00
7876,high,suspended,US,2025-03-24 00:00:00
41446,high,suspended,US,2024-07-08 00:00:00
27123,high,suspended,US,2024-06-24 00:00:00
8898,high,suspended,FR,2025-01-03 00:00:00
34964,high,suspended,UK,2024-11-24 00:00:00
42027,high,suspended,UK,2025-05-25 00:00:00
34239,high,suspended,US,2024-07-03 00:00:00
34476,high,suspended,US,2025-03-05 00:00:00
23396,high,suspended,DE,2024-07-01 00:00:00
13626,high,suspended,US,2024-07-06 00:00:00
34110,high,suspended,FR,2025-01-28 00:00:00
7849,medium,suspended,US,2024-06-17 00:00:00
18586,high,suspended,US,2024-10-25 00:00:00
33874,high,suspended,US,2024-12-27 00:00:00
25851,high,suspended,DE,2024-09-01 00:00:00
39655,high,suspended,US,2024-08-09 00:00:00
31258,medium,suspended,CA,2025-04-25 00:00:00
13006,high,suspended,US,2025-04-27 00:00:00
19,medium,suspended,CA,2025-01-02 00:00:00
43350,high,suspended,US,2024-12-09 00:00:00
23498,high,suspended,DE,2024-12-13 00:00:00
47847,high,suspended,US,2025-01-16 00:00:00
23622,high,suspended,CA,2024-12-11 00:00:00
1053,high,suspended,US,2024-12-10 00:00:00
35342,high,suspended,DE,2024-07-12 00:00:00
495,high,suspended,US,2025-05-16 00:00:00
28545,high,suspended,US,2025-05-05 00:00:00
43798,high,suspended,UK,2025-03-04 00:00:00
4045,high,suspended,US,2024-08-08 00:00:00
15035,high,suspended,US,2025-05-01 00:00:00
29114,high,suspended,US,2024-11-26 00:00:00
10479,high,suspended,DE,2024-07-31 00:00:00
24617,high,suspended,US,2024-08-31 00:00:00
13009,high,suspended,US,2025-03-03 00:00:00
33977,medium,suspended,UK,2024-12-19 00:00:00
11899,high,suspended,US,2025-02-26 00:00:00
22521,high,suspended,US,2024-08-05 00:00:00
24284,high,suspended,FR,2024-09-23 00:00:00
13477,high,suspended,US,2024-06-02 00:00:00
11823,high,suspended,DE,2024-06-12 00:00:00
30258,high,suspended,UK,2024-10-31 00:00:00
17427,high,suspended,FR,2025-01-24 00:00:00
35899,high,suspended,DE,2025-05-11 00:00:00
47957,high,suspended,UK,2025-03-06 00:00:00
4896,medium,suspended,DE,2025-01-04 00:00:00
2319,high,suspended,UK,2025-02-28 00:00:00
27880,medium,suspended,CA,2024-12-12 00:00:00
4847,high,suspended,FR,2024-09-26 00:00:00
26035,high,suspended,US,2024-10-05 00:00:00
23352,high,suspended,FR,2025-01-22 00:00:00
43979,high,suspended,US,2024-11-25 00:00:00
42882,high,suspended,CA,2024-08-19 00:00:00
26113,high,suspended,UK,2024-10-20 00:00:00
20996,high,suspended,UK,2024-09-05 00:00:00
37860,high,suspended,UK,2024-07-28 00:00:00
37107,high,suspended,US,2024-06-17 00:00:00
37632,high,suspended,US,2025-05-05 00:00:00
8937,high,suspended,US,2025-01-01 00:00:00
12941,high,suspended,CA,2025-04-11 00:00:00
22359,high,suspended,US,2024-06-09 00:00:00
38093,high,suspended,CA,2024-10-02 00:00:00
43277,high,suspended,US,2024-09-14 00:00:00
27545,high,suspended,UK,2024-07-05 00:00:00
41553,high,suspended,US,2024-07-22 00:00:00
47008,high,suspended,DE,2025-04-01 00:00:00
38017,high,suspended,CA,2024-06-18 00:00:00
16106,high,suspended,US,2025-01-15 00:00:00
7065,high,suspended,CA,2025-04-03 00:00:00
24048,medium,suspended,US,2025-05-11 00:00:00
36694,high,suspended,US,2025-05-27 00:00:00
20047,high,suspended,CA,2024-06-25 00:00:00
32597,high,suspended,US,2024-10-04 00:00:00
22636,high,suspended,US,2024-06-23 00:00:00
49275,high,suspended,CA,2024-12-23 00:00:00
40488,high,suspended,US,2025-01-11 00:00:00
23687,high,suspended,US,2024-09-28 00:00:00
39072,high,suspended,US,2025-03-04 00:00:00
16658,high,suspended,US,2024-09-20 00:00:00
16048,high,suspended,US,2024-06-29 00:00:00
42758,high,suspended,UK,2024-08-11 00:00:00
14674,high,suspended,FR,2025-02-13 00:00:00
3209,high,suspended,US,2024-10-27 00:00:00
43212,high,suspended,US,2024-09-28 00:00:00
41829,medium,suspended,US,2025-03-22 00:00:00
13725,medium,suspended,FR,2024-11-11 00:00:00
14638,medium,suspended,CA,2025-03-23 00:00:00
8125,high,suspended,US,2025-04-03 00:00:00
14670,high,suspended,DE,2025-05-11 00:00:00
5099,high,suspended,DE,2024-11-12 00:00:00
23531,high,suspended,US,2024-09-30 00:00:00
48941,high,suspended,US,2024-11-02 00:00:00
10188,high,suspended,US,2024-08-13 00:00:00
18979,high,suspended,UK,2025-05-05 00:00:00
44853,high,suspended,US,2025-02-22 00:00:00
44716,high,suspended,US,2024-09-22 00:00:00
1587,high,suspended,FR,2024-12-29 00:00:00
18126,high,suspended,FR,2024-11-01 00:00:00
14611,medium,suspended,UK,2024-10-19 00:00:00
22516,high,suspended,US,2024-07-02 00:00:00
12250,high,suspended,US,2025-03-13 00:00:00
19876,high,suspended,US,2025-03-30 00:00:00
29006,high,suspended,CA,2024-08-29 00:00:00
5227,high,suspended,US,2025-04-17 00:00:00
45533,high,suspended,US,2025-05-14 00:00:00
10110,high,suspended,CA,2025-01-05 00:00:00
15894,high,suspended,US,2025-03-12 00:00:00
30327,high,suspended,US,2025-02-09 00:00:00
41089,high,suspended,US,2024-06-25 00:00:00
27061,high,suspended,US,2024-11-24 00:00:00
6261,high,suspended,US,2025-04-26 00:00:00
34540,high,suspended,US,2025-05-10 00:00:00
39427,high,suspended,US,2024-12-13 00:00:00
44184,high,suspended,US,2025-02-24 00:00:00
41069,high,suspended,US,2024-11-11 00:00:00
42943,high,suspended,US,2025-05-23 00:00:00
16217,high,suspended,UK,2024-12-31 00:00:00
18627,high,suspended,US,2024-12-27 00:00:00
30242,high,suspended,FR,2024-08-16 00:00:00
13079,high,suspended,UK,2024-11-01 00:00:00
41338,high,suspended,US,2024-12-10 00:00:00
33858,high,suspended,US,2024-09-03 00:00:00
25666,high,suspended,US,2025-03-03 00:00:00
44281,high,suspended,FR,2025-01-29 00:00:00
36890,high,suspended,US,2024-10-02 00:00:00
43541,high,suspended,US,2024-09-24 00:00:00
25982,high,suspended,US,2024-11-01 00:00:00
29147,high,suspended,CA,2025-05-29 00:00:00
34412,high,suspended,US,2024-08-13 00:00:00
35379,high,suspended,US,2025-01-24 00:00:00
28942,high,suspended,US,2024-06-30 00:00:00
294,high,suspended,US,2025-03-15 00:00:00
2638,high,suspended,US,2024-12-29 00:00:00
48282,high,suspended,US,2024-12-31 00:00:00
7364,high,suspended,US,2025-03-13 00:00:00
3215,high,suspended,US,2025-02-27 00:00:00
42158,medium,suspended,US,2024-08-08 00:00:00
39765,high,suspended,US,2024-12-16 00:00:00
7611,high,suspended,US,2024-10-03 00:00:00
37596,high,suspended,US,2024-10-09 00:00:00
42889,high,suspended,US,2024-09-13 00:00:00
49476,high,suspended,FR,2024-11-17 00:00:00
1671,high,suspended,US,2025-04-28 00:00:00
34244,high,suspended,US,2024-07-11 00:00:00
11252,high,suspended,US,2025-01-17 00:00:00
12144,high,suspended,UK,2024-12-07 00:00:00
40262,high,suspended,UK,2024-07-18 00:00:00
5494,high,suspended,US,2025-03-02 00:00:00
27330,high,suspended,US,2024-09-06 00:00:00
25381,high,suspended,DE,2024-06-27 00:00:00
16388,high,suspended,US,2024-10-16 00:00:00
39607,high,suspended,US,2024-12-11 00:00:00
4550,high,suspended,FR,2025-05-11 00:00:00
34035,high,suspended,US,2025-04-06 00:00:00
46707,high,suspended,CA,2025-04-05 00:00:00
43341,high,suspended,US,2024-06-21 00:00:00
26882,high,suspended,US,2024-07-08 00:00:00
24756,medium,suspended,US,2024-09-05 00:00:00
5343,high,suspended,US,2025-03-28 00:00:00
28910,high,suspended,US,2025-05-10 00:00:00
48456,high,suspended,DE,2025-03-14 00:00:00
16446,high,suspended,UK,2024-09-20 00:00:00
21827,high,suspended,US,2025-02-01 00:00:00
9068,medium,suspended,US,2024-09-15 00:00:00
15812,high,suspended,US,2024-11-18 00:00:00
41048,high,suspended,DE,2024-11-03 00:00:00
3682,high,suspended,US,2024-06-08 00:00:00
19451,high,suspended,US,2024-09-17 00:00:00
35671,high,suspended,US,2024-09-06 00:00:00
24972,high,suspended,UK,2024-07-31 00:00:00
40703,high,suspended,CA,2025-02-01 00:00:00
47091,high,suspended,DE,2024-10-03 00:00:00
4,high,suspended,US,2025-05-23 00:00:00
15041,high,suspended,US,2025-04-06 00:00:00
15451,high,suspended,CA,2025-05-27 00:00:00
16973,high,suspended,US,2024-09-13 00:00:00
25362,high,suspended,DE,2024-12-21 00:00:00
14902,high,suspended,UK,2024-10-01 00:00:00
3558,high,suspended,US,2025-03-10 00:00:00
3780,high,suspended,US,2024-11-12 00:00:00
15245,high,suspended,US,2024-10-23 00:00:00
1876,high,suspended,US,2024-12-12 00:00:00
35590,high,suspended,DE,2025-01-25 00:00:00
1131,high,suspended,US,2025-03-01 00:00:00
29563,high,suspended,US,2025-04-29 00:00:00
46918,high,suspended,US,2024-12-01 00:00:00
34197,high,suspended,US,2024-11-05 00:00:00
46400,high,suspended,US,2024-10-12 00:00:00
12324,high,suspended,CA,2024-12-02 00:00:00
17808,high,suspended,US,2025-02-18 00:00:00
21577,high,suspended,US,2025-02-10 00:00:00
41210,high,suspended,UK,2025-01-25 00:00:00
34915,high,suspended,US,2024-07-21 00:00:00
21474,high,suspended,US,2025-01-27 00:00:00
25374,high,suspended,US,2024-11-11 00:00:00
28600,high,suspended,US,2024-09-13 00:00:00
29694,high,suspended,CA,2024-12-07 00:00:00
37101,high,suspended,US,2024-11-08 00:00:00
7524,high,suspended,US,2024-12-29 00:00:00
30010,high,suspended,US,2024-06-24 00:00:00
4904,high,suspended,UK,2025-03-16 00:00:00
3546,high,suspended,UK,2024-09-22 00:00:00
11461,high,suspended,FR,2024-08-14 00:00:00
22271,high,suspended,US,2024-06-09 00:00:00
18163,high,suspended,CA,2024-10-12 00:00:00
23005,high,suspended,FR,2025-03-11 00:00:00
23637,high,suspended,FR,2025-03-27 00:00:00
3463,high,suspended,US,2025-03-24 00:00:00
30171,high,suspended,US,2024-12-31 00:00:00
22298,medium,suspended,US,2024-10-30 00:00:00
8912,high,suspended,US,2024-08-18 00:00:00
659,high,suspended,UK,2024-09-09 00:00:00
17883,high,suspended,DE,2024-11-16 00:00:00
39524,high,suspended,US,2024-09-26 00:00:00
25389,high,suspended,US,2024-12-12 00:00:00
47225,high,suspended,US,2025-03-19 00:00:00
25655,high,suspended,US,2024-10-04 00:00:00
10264,high,suspended,CA,2025-02-11 00:00:00
29188,high,suspended,US,2025-03-09 00:00:00
12438,high,suspended,US,2025-05-02 00:00:00
23621,high,suspended,US,2025-05-17 00:00:00
42939,high,suspended,US,2024-11-20 00:00:00
7707,high,suspended,CA,2024-10-10 00:00:00
31222,medium,suspended,FR,2025-02-06 00:00:00
48437,medium,suspended,US,2025-04-25 00:00:00
22718,high,suspended,DE,2025-02-07 00:00:00
6770,high,suspended,US,2025-01-22 00:00:00
19842,high,suspended,US,2024-08-26 00:00:00
40433,high,suspended,FR,2024-11-28 00:00:00
16557,high,suspended,US,2024-08-26 00:00:00
46416,high,suspended,CA,2024-08-11 00:00:00
2282,high,suspended,US,2025-03-07 00:00:00
19533,high,suspended,US,2025-02-06 00:00:00
10779,high,suspended,CA,2024-09-03 00:00:00
32288,high,suspended,US,2025-03-05 00:00:00
38956,high,suspended,US,2025-04-25 00:00:00
4010,high,suspended,US,2024-07-01 00:00:00
12710,high,suspended,US,2025-02-24 00:00:00
40069,high,suspended,US,2024-06-18 00:00:00
40192,high,suspended,FR,2024-07-09 00:00:00
6502,high,suspended,US,2025-05-09 00:00:00
20903,high,suspended,FR,2024-06-25 00:00:00
1516,medium,suspended,DE,2024-06-04 00:00:00
27934,high,suspended,FR,2024-12-29 00:00:00
30909,high,suspended,FR,2024-08-10 00:00:00
15580,high,suspended,UK,2025-04-19 00:00:00
32026,high,suspended,CA,2024-09-27 00:00:00
40579,high,suspended,US,2024-07-05 00:00:00
32379,high,suspended,US,2025-05-29 00:00:00
49544,high,suspended,UK,2024-08-17 00:00:00
31277,high,suspended,US,2024-06-05 00:00:00
11038,high,suspended,UK,2024-09-20 00:00:00
35236,high,suspended,US,2025-02-14 00:00:00
47369,high,suspended,US,2025-01-20 00:00:00
10211,high,suspended,UK,2024-12-09 00:00:00
47173,high,suspended,UK,2024-07-01 00:00:00
46862,high,suspended,UK,2025-04-13 00:00:00
16515,high,suspended,US,2025-04-23 00:00:00
23589,high,suspended,DE,2025-05-08 00:00:00
12306,high,suspended,US,2025-04-12 00:00:00
20637,high,suspended,FR,2025-02-03 00:00:00
1056,high,suspended,CA,2025-05-04 00:00:00
26267,high,suspended,US,2025-02-05 00:00:00
14776,high,suspended,US,2024-06-09 00:00:00
42678,high,suspended,US,2024-06-04 00:00:00
32416,high,suspended,US,2025-02-28 00:00:00
15845,high,suspended,US,2025-03-10 00:00:00
27346,high,suspended,FR,2024-12-28 00:00:00
11983,high,suspended,CA,2024-06-07 00:00:00
41226,high,suspended,UK,2024-06-09 00:00:00
32655,high,suspended,FR,2025-02-27 00:00:00
9055,high,suspended,DE,2024-10-19 00:00:00
44242,high,suspended,UK,2025-03-02 00:00:00
14916,high,suspended,US,2024-10-25 00:00:00
8872,high,suspended,US,2024-06-09 00:00:00
39420,high,suspended,US,2025-02-13 00:00:00
36641,high,suspended,US,2025-05-24 00:00:00
12852,high,suspended,US,2025-05-12 00:00:00
32447,high,suspended,FR,2025-01-07 00:00:00
39943,high,suspended,FR,2024-08-31 00:00:00
7410,high,suspended,US,2024-07-25 00:00:00
17133,high,suspended,US,2024-07-20 00:00:00
10509,high,suspended,US,2025-02-24 00:00:00
23810,medium,suspended,US,2024-08-16 00:00:00
2485,high,suspended,DE,2024-10-02 00:00:00
1365,high,suspended,US,2024-09-07 00:00:00
14400,high,suspended,US,2025-04-14 00:00:00
21049,high,suspended,US,2025-02-25 00:00:00
35597,high,suspended,CA,2024-10-08 00:00:00
17216,high,suspended,DE,2024-11-29 00:00:00
42682,high,suspended,US,2024-10-15 00:00:00
44085,high,suspended,CA,2024-12-21 00:00:00
4515,medium,suspended,US,2024-07-11 00:00:00
27656,high,suspended,UK,2024-12-09 00:00:00
36432,high,suspended,UK,2024-12-25 00:00:00
38332,high,suspended,US,2025-01-22 00:00:00
24046,high,suspended,US,2025-03-17 00:00:00
20747,high,suspended,US,2024-10-03 00:00:00
23240,high,suspended,US,2025-05-23 00:00:00
11509,high,suspended,US,2024-09-24 00:00:00
10164,high,suspended,DE,2024-11-01 00:00:00
40068,high,suspended,US,2025-05-17 00:00:00
12397,high,suspended,US,2024-07-12 00:00:00
20976,high,suspended,US,2025-05-01 00:00:00
25668,high,suspended,US,2025-04-29 00:00:00
9488,high,suspended,US,2024-06-17 00:00:00
31856,high,suspended,US,2024-07-18 00:00:00
25725,high,suspended,UK,2024-12-25 00:00:00
47123,high,suspended,US,2024-12-12 00:00:00
44384,high,suspended,US,2024-12-11 00:00:00
24813,high,suspended,US,2025-03-10 00:00:00
19830,high,suspended,US,2025-01-30 00:00:00
48136,high,suspended,US,2024-06-29 00:00:00
21420,high,suspended,UK,2025-04-23 00:00:00
16924,high,suspended,CA,2024-06-05 00:00:00
22050,high,suspended,US,2025-05-26 00:00:00
43190,high,suspended,UK,2024-08-27 00:00:00
18978,high,suspended,US,2024-07-13 00:00:00
49315,high,suspended,US,2025-02-11 00:00:00
1961,high,suspended,CA,2025-01-09 00:00:00
28849,high,suspended,US,2025-04-27 00:00:00
18317,high,suspended,US,2024-11-17 00:00:00
32035,high,suspended,US,2025-03-17 00:00:00
11934,high,suspended,CA,2024-07-19 00:00:00
10213,high,suspended,US,2025-02-26 00:00:00
15070,high,suspended,US,2024-06-22 00:00:00
46267,high,suspended,UK,2024-09-26 00:00:00
41581,high,suspended,US,2024-09-17 00:00:00
2142,high,suspended,DE,2025-05-21 00:00:00
26645,high,suspended,US,2025-03-18 00:00:00
19792,high,suspended,US,2025-01-30 00:00:00
26282,high,suspended,US,2024-10-17 00:00:00
26640,high,suspended,US,2024-06-24 00:00:00
46418,high,suspended,CA,2024-07-09 00:00:00
34539,high,suspended,US,2025-05-17 00:00:00
952,high,suspended,FR,2024-10-22 00:00:00
13258,high,suspended,US,2025-03-06 00:00:00
24651,high,suspended,US,2025-03-16 00:00:00
45475,high,suspended,US,2025-05-03 00:00:00
17388,high,suspended,UK,2024-06-17 00:00:00
45766,high,suspended,UK,2024-08-31 00:00:00
33600,high,suspended,DE,2024-11-09 00:00:00
15558,high,suspended,CA,2024-06-09 00:00:00
10992,high,suspended,US,2024-09-15 00:00:00
19176,high,suspended,CA,2025-03-28 00:00:00
13738,high,suspended,US,2024-08-13 00:00:00
43509,high,suspended,US,2025-05-31 00:00:00
22483,high,suspended,US,2024-12-21 00:00:00
47593,high,suspended,UK,2024-07-10 00:00:00
31475,high,suspended,US,2024-11-01 00:00:00
25765,high,suspended,US,2024-08-23 00:00:00
3817,medium,suspended,US,2025-03-16 00:00:00
35978,high,suspended,US,2024-10-02 00:00:00
28741,high,suspended,US,2025-03-18 00:00:00
18484,high,suspended,US,2024-12-17 00:00:00
11751,high,suspended,UK,2025-05-13 00:00:00
5148,high,suspended,UK,2025-03-04 00:00:00
8212,high,suspended,FR,2024-11-17 00:00:00
27206,high,suspended,US,2024-12-14 00:00:00
11350,high,suspended,US,2024-08-11 00:00:00
26822,high,suspended,US,2025-05-19 00:00:00
29,high,suspended,CA,2024-07-11 00:00:00
22004,high,suspended,US,2025-02-12 00:00:00
49257,high,suspended,DE,2024-11-25 00:00:00
30821,high,suspended,DE,2024-06-28 00:00:00
30435,high,suspended,US,2024-07-21 00:00:00
138,high,suspended,US,2025-01-10 00:00:00
33697,high,suspended,UK,2024-09-27 00:00:00
34152,medium,suspended,US,2024-07-09 00:00:00
10729,high,suspended,US,2024-11-22 00:00:00
1834,high,suspended,US,2025-04-06 00:00:00
7401,high,suspended,US,2025-04-11 00:00:00
26477,high,suspended,DE,2025-04-01 00:00:00
22889,high,suspended,CA,2024-12-21 00:00:00
4094,high,suspended,UK,2024-11-15 00:00:00
21911,high,suspended,US,2024-06-16 00:00:00
48979,high,suspended,UK,2025-04-21 00:00:00
4698,high,suspended,DE,2024-10-18 00:00:00
31923,high,suspended,US,2025-01-17 00:00:00
30631,high,suspended,US,2025-02-07 00:00:00
11354,high,suspended,US,2024-09-25 00:00:00
20549,high,suspended,US,2024-11-30 00:00:00
39915,high,suspended,US,2025-03-11 00:00:00
13278,high,suspended,US,2024-12-10 00:00:00
38425,high,suspended,US,2025-01-08 00:00:00
871,high,suspended,US,2024-09-04 00:00:00
43549,high,suspended,FR,2025-05-15 00:00:00
24359,high,suspended,US,2025-03-27 00:00:00
42516,high,suspended,CA,2025-05-05 00:00:00
19596,high,suspended,US,2024-12-12 00:00:00
18236,high,suspended,US,2024-07-14 00:00:00
19541,high,suspended,UK,2025-04-13 00:00:00
36520,high,suspended,UK,2024-10-30 00:00:00
28940,high,suspended,US,2024-10-05 00:00:00
10292,high,suspended,US,2025-06-01 00:00:00
17077,high,suspended,FR,2024-07-08 00:00:00
5461,high,suspended,US,2024-07-13 00:00:00
27573,high,suspended,DE,2024-10-16 00:00:00
26978,high,suspended,FR,2024-08-18 00:00:00
30669,high,suspended,CA,2024-12-12 00:00:00
20868,high,suspended,US,2025-05-31 00:00:00
29742,high,suspended,US,2025-04-21 00:00:00
29091,high,suspended,FR,2024-08-18 00:00:00
37991,high,suspended,US,2024-12-17 00:00:00
34682,high,suspended,DE,2024-11-10 00:00:00
28082,high,suspended,US,2024-12-02 00:00:00
48539,high,suspended,US,2024-07-25 00:00:00
38446,high,suspended,DE,2024-07-17 00:00:00
49914,high,suspended,US,2024-06-03 00:00:00
43515,high,suspended,US,2024-11-05 00:00:00
48129,high,suspended,US,2025-01-14 00:00:00
9911,high,suspended,US,2024-12-02 00:00:00
29787,high,suspended,US,2024-10-17 00:00:00
2108,high,suspended,DE,2024-07-23 00:00:00
4952,high,suspended,FR,2024-08-07 00:00:00
5030,high,suspended,CA,2024-07-15 00:00:00
42855,high,suspended,US,2024-09-04 00:00:00
11197,high,suspended,DE,2025-01-07 00:00:00
20311,high,suspended,US,2025-01-16 00:00:00
27181,high,suspended,FR,2025-03-13 00:00:00
40755,high,suspended,US,2025-03-12 00:00:00
46929,high,suspended,FR,2025-02-18 00:00:00
6707,high,suspended,CA,2024-12-26 00:00:00
35989,high,suspended,UK,2024-07-23 00:00:00
8716,high,suspended,US,2024-06-14 00:00:00
14308,high,suspended,DE,2024-07-16 00:00:00
8927,high,suspended,US,2024-11-29 00:00:00
43870,high,suspended,US,2025-03-11 00:00:00
29979,high,suspended,US,2024-07-18 00:00:00
30226,high,suspended,US,2025-04-02 00:00:00
8076,high,suspended,US,2025-04-03 00:00:00
3854,high,suspended,CA,2024-11-14 00:00:00
46041,high,suspended,US,2024-12-15 00:00:00
25847,high,suspended,CA,2024-06-07 00:00:00
5146,high,suspended,UK,2024-10-28 00:00:00
1194,high,suspended,US,2024-12-29 00:00:00
37191,high,suspended,UK,2024-12-16 00:00:00
199,high,suspended,UK,2024-07-14 00:00:00
38646,high,suspended,UK,2025-03-14 00:00:00
41239,high,suspended,US,2024-10-03 00:00:00
3561,high,suspended,UK,2025-03-20 00:00:00
36122,high,suspended,US,2025-02-22 00:00:00
49015,high,suspended,US,2024-08-26 00:00:00
22508,high,suspended,US,2025-05-17 00:00:00
35560,high,suspended,US,2024-12-12 00:00:00
34536,high,suspended,US,2024-08-26 00:00:00
17111,high,suspended,US,2024-08-11 00:00:00
47881,high,suspended,US,2024-10-16 00:00:00
21975,high,suspended,DE,2024-11-02 00:00:00
40568,high,suspended,US,2024-10-16 00:00:00
36727,high,suspended,US,2025-02-08 00:00:00
11528,high,suspended,US,2024-08-14 00:00:00
33122,high,suspended,CA,2024-07-03 00:00:00
35558,high,suspended,UK,2024-08-25 00:00:00
15721,high,suspended,DE,2025-01-09 00:00:00
17535,high,suspended,US,2024-10-20 00:00:00
27147,high,suspended,CA,2025-01-02 00:00:00
18015,high,suspended,US,2024-11-01 00:00:00
24379,medium,suspended,UK,2025-02-03 00:00:00
10788,high,suspended,US,2024-07-10 00:00:00
6550,medium,suspended,CA,2024-12-02 00:00:00
38164,high,suspended,US,2024-10-07 00:00:00
25243,high,suspended,UK,2024-10-05 00:00:00
10870,high,suspended,US,2025-04-17 00:00:00
24071,high,suspended,UK,2025-02-09 00:00:00
1611,high,suspended,UK,2025-04-01 00:00:00
12350,high,suspended,UK,2025-04-12 00:00:00
35303,high,suspended,US,2024-09-09 00:00:00
8478,high,suspended,US,2025-01-21 00:00:00
18191,high,suspended,CA,2024-07-25 00:00:00
15393,high,suspended,US,2024-08-09 00:00:00
11802,high,suspended,DE,2024-11-03 00:00:00
24748,high,suspended,UK,2024-06-04 00:00:00
45231,high,suspended,US,2024-12-20 00:00:00
1112,high,suspended,US,2024-11-18 00:00:00
24750,high,suspended,US,2025-04-14 00:00:00
10516,medium,suspended,UK,2024-12-12 00:00:00
7561,high,suspended,UK,2024-11-16 00:00:00
42511,high,suspended,US,2025-01-12 00:00:00
49835,high,suspended,US,2024-11-19 00:00:00
41127,high,suspended,US,2025-01-07 00:00:00
30204,high,suspended,US,2025-04-30 00:00:00
20323,high,suspended,CA,2025-04-01 00:00:00
12548,high,suspended,US,2024-08-09 00:00:00
37758,high,suspended,CA,2024-11-01 00:00:00
21229,high,suspended,FR,2024-11-12 00:00:00
45802,high,suspended,FR,2025-04-05 00:00:00
19844,high,suspended,US,2025-05-22 00:00:00
35820,high,suspended,US,2024-09-11 00:00:00
22479,high,suspended,US,2025-02-01 00:00:00
5154,high,suspended,FR,2024-11-08 00:00:00
20343,high,suspended,US,2024-08-30 00:00:00
32517,high,suspended,US,2024-12-21 00:00:00
12135,high,suspended,CA,2024-11-11 00:00:00
15471,high,suspended,US,2024-10-28 00:00:00
9768,high,suspended,US,2025-05-22 00:00:00
8832,high,suspended,CA,2025-04-21 00:00:00
16412,high,suspended,US,2025-02-07 00:00:00
32202,high,suspended,US,2025-03-22 00:00:00
19983,high,suspended,FR,2024-10-03 00:00:00
43079,high,suspended,US,2024-11-14 00:00:00
6448,high,suspended,UK,2024-12-10 00:00:00
37276,high,suspended,US,2024-10-22 00:00:00
49852,medium,suspended,US,2024-12-19 00:00:00
29800,high,suspended,CA,2024-12-04 00:00:00
38191,high,suspended,US,2024-07-29 00:00:00
8747,high,suspended,US,2025-03-16 00:00:00
40949,high,suspended,US,2024-09-11 00:00:00
777,high,suspended,CA,2025-03-31 00:00:00
22047,high,suspended,US,2025-03-07 00:00:00
27890,high,suspended,FR,2024-09-01 00:00:00
44980,high,suspended,UK,2025-05-16 00:00:00
49582,high,suspended,US,2025-03-09 00:00:00
7437,high,suspended,US,2024-06-14 00:00:00
6940,high,suspended,US,2025-01-23 00:00:00
5044,high,suspended,US,2025-05-29 00:00:00
33682,high,suspended,US,2024-09-16 00:00:00
43022,high,suspended,US,2025-01-11 00:00:00
4966,high,suspended,US,2024-10-28 00:00:00
29321,high,suspended,DE,2025-05-21 00:00:00
32147,high,suspended,CA,2024-07-06 00:00:00
26677,high,suspended,US,2024-12-27 00:00:00
7523,high,suspended,US,2025-05-11 00:00:00
26104,high,suspended,UK,2025-02-11 00:00:00
38203,high,suspended,US,2024-08-11 00:00:00
32638,high,suspended,US,2025-04-21 00:00:00
49983,high,suspended,DE,2024-11-03 00:00:00
42643,high,suspended,FR,2024-10-02 00:00:00
41996,high,suspended,UK,2024-10-08 00:00:00
11586,high,suspended,DE,2025-05-04 00:00:00
45401,high,suspended,UK,2024-08-18 00:00:00
24976,high,suspended,US,2025-01-03 00:00:00
28430,high,suspended,DE,2024-12-11 00:00:00
45302,high,suspended,US,2024-07-08 00:00:00
25199,high,suspended,UK,2025-01-16 00:00:00
3681,high,suspended,DE,2025-04-03 00:00:00
8322,high,suspended,US,2025-02-01 00:00:00
8590,high,suspended,FR,2025-03-26 00:00:00
10490,high,suspended,US,2024-12-23 00:00:00
34717,high,suspended,US,2025-03-01 00:00:00
946,high,suspended,FR,2025-02-15 00:00:00
25070,high,suspended,CA,2025-05-21 00:00:00
5425,high,suspended,CA,2025-01-01 00:00:00
41,high,suspended,US,2025-03-06 00:00:00
22155,medium,suspended,CA,2024-06-19 00:00:00
41458,high,suspended,US,2024-12-02 00:00:00
35748,high,suspended,CA,2025-05-26 00:00:00
49662,high,suspended,US,2025-03-02 00:00:00
16241,high,suspended,DE,2025-04-01 00:00:00
34255,high,suspended,US,2025-04-23 00:00:00
4130,high,suspended,US,2024-07-14 00:00:00
37649,high,suspended,US,2024-07-26 00:00:00
34424,high,suspended,US,2024-10-06 00:00:00
6543,medium,suspended,US,2025-05-03 00:00:00
15396,high,suspended,FR,2025-05-07 00:00:00
37558,high,suspended,CA,2024-11-29 00:00:00
5194,high,suspended,US,2024-08-25 00:00:00
19513,high,suspended,UK,2025-04-28 00:00:00
24244,high,suspended,US,2025-04-10 00:00:00
41200,high,suspended,US,2024-06-23 00:00:00
13485,high,suspended,US,2025-03-16 00:00:00
27600,high,suspended,US,2025-04-27 00:00:00
28994,high,suspended,UK,2025-05-13 00:00:00
20796,medium,suspended,US,2025-04-28 00:00:00
2383,high,suspended,DE,2024-12-22 00:00:00
25168,high,suspended,UK,2024-11-17 00:00:00
13508,high,suspended,US,2025-01-07 00:00:00
15246,high,suspended,CA,2024-07-25 00:00:00
34144,high,suspended,US,2024-06-06 00:00:00
23460,high,suspended,US,2024-07-21 00:00:00
11410,high,suspended,UK,2024-10-11 00:00:00
44448,high,suspended,UK,2024-09-22 00:00:00
4267,high,suspended,FR,2025-02-17 00:00:00
15717,high,suspended,FR,2025-02-21 00:00:00
48534,high,suspended,US,2025-03-13 00:00:00
5329,high,suspended,CA,2025-03-25 00:00:00
8552,high,suspended,CA,2025-05-19 00:00:00
28243,high,suspended,US,2025-03-22 00:00:00
35124,high,suspended,US,2024-09-22 00:00:00
13288,high,suspended,US,2025-01-15 00:00:00
28348,high,suspended,US,2024-12-09 00:00:00
9181,high,suspended,US,2024-12-18 00:00:00
42523,high,suspended,US,2025-01-24 00:00:00
5009,high,suspended,US,2025-05-14 00:00:00
1859,high,suspended,US,2025-03-29 00:00:00
32857,high,suspended,CA,2025-05-20 00:00:00
20093,high,suspended,US,2025-02-12 00:00:00
42462,high,suspended,FR,2024-08-17 00:00:00
47809,high,suspended,CA,2024-11-24 00:00:00
16756,high,suspended,US,2024-06-13 00:00:00
22216,high,suspended,FR,2025-02-03 00:00:00
47453,high,suspended,FR,2024-07-24 00:00:00
32376,high,suspended,US,2024-10-30 00:00:00
30368,high,suspended,US,2024-12-30 00:00:00
4195,high,suspended,US,2024-07-14 00:00:00
38254,high,suspended,FR,2024-07-30 00:00:00
38759,high,suspended,US,2024-08-12 00:00:00
26219,high,suspended,US,2024-11-26 00:00:00
26890,high,suspended,UK,2024-11-07 00:00:00
19427,high,suspended,US,2024-11-23 00:00:00
44346,medium,suspended,US,2025-01-20 00:00:00
1728,high,suspended,UK,2024-09-14 00:00:00
17047,high,suspended,US,2025-02-22 00:00:00
20870,high,suspended,US,2025-02-03 00:00:00
38682,high,suspended,US,2024-11-26 00:00:00
23714,high,suspended,CA,2025-01-30 00:00:00
27604,high,suspended,CA,2024-07-20 00:00:00
17852,high,suspended,US,2025-01-11 00:00:00
10958,high,suspended,US,2025-05-23 00:00:00
17093,high,suspended,US,2025-01-18 00:00:00
44482,high,suspended,US,2024-11-11 00:00:00
43661,high,suspended,US,2024-07-05 00:00:00
10578,high,suspended,DE,2024-11-01 00:00:00
4649,high,suspended,FR,2024-06-23 00:00:00
28435,high,suspended,US,2025-05-30 00:00:00
28746,high,suspended,US,2024-07-29 00:00:00
44868,high,suspended,US,2024-06-12 00:00:00
27682,high,suspended,DE,2024-11-23 00:00:00
43057,high,suspended,UK,2025-04-28 00:00:00
13244,high,suspended,CA,2024-07-26 00:00:00
13157,medium,suspended,US,2025-05-13 00:00:00
1850,high,suspended,US,2024-08-24 00:00:00
4982,high,suspended,US,2024-10-03 00:00:00
34054,high,suspended,US,2025-02-20 00:00:00
43469,high,suspended,US,2024-08-29 00:00:00
45025,high,suspended,US,2025-03-10 00:00:00
38199,high,suspended,DE,2024-08-21 00:00:00
33068,high,suspended,US,2024-11-17 00:00:00
42147,high,suspended,DE,2025-03-14 00:00:00
22880,high,suspended,CA,2025-01-05 00:00:00
997,high,suspended,CA,2025-01-23 00:00:00
29187,high,suspended,CA,2024-09-27 00:00:00
39547,high,suspended,US,2024-12-25 00:00:00
9218,high,suspended,US,2025-04-19 00:00:00
40248,high,suspended,US,2024-09-03 00:00:00
45072,high,suspended,US,2024-09-04 00:00:00
1074,high,suspended,US,2025-04-24 00:00:00
21680,high,suspended,UK,2025-05-03 00:00:00
40632,high,suspended,US,2025-01-08 00:00:00
1319,high,suspended,US,2024-12-20 00:00:00
22656,high,suspended,UK,2024-06-15 00:00:00
36787,high,suspended,US,2025-04-11 00:00:00
37533,high,suspended,US,2024-09-10 00:00:00
1953,high,suspended,US,2025-01-17 00:00:00
42838,high,suspended,US,2025-03-31 00:00:00
11863,medium,suspended,FR,2025-01-06 00:00:00
1308,high,suspended,UK,2024-12-17 00:00:00
23452,high,suspended,US,2024-06-03 00:00:00
8286,high,suspended,CA,2025-05-27 00:00:00
41843,high,suspended,US,2024-09-18 00:00:00
4368,high,suspended,US,2024-09-14 00:00:00
28198,high,suspended,DE,2024-10-21 00:00:00
2165,high,suspended,FR,2025-05-27 00:00:00
13978,high,suspended,FR,2024-07-03 00:00:00
16914,high,suspended,US,2025-03-23 00:00:00
46426,high,suspended,US,2024-07-23 00:00:00
35607,high,suspended,FR,2025-03-02 00:00:00
20892,high,suspended,FR,2024-09-04 00:00:00
9147,high,suspended,US,2024-12-05 00:00:00
18193,high,suspended,US,2024-11-14 00:00:00
1724,high,suspended,US,2024-09-09 00:00:00
3778,high,suspended,US,2025-01-21 00:00:00
13670,medium,suspended,US,2024-07-29 00:00:00
4721,high,suspended,CA,2024-10-13 00:00:00
30170,high,suspended,UK,2025-05-10 00:00:00
5505,high,suspended,US,2025-02-06 00:00:00
16498,high,suspended,FR,2025-02-26 00:00:00
38816,high,suspended,US,2025-04-24 00:00:00
20831,high,suspended,UK,2024-11-08 00:00:00
36334,medium,suspended,US,2025-04-02 00:00:00
12106,high,suspended,UK,2024-12-16 00:00:00
35949,high,suspended,US,2025-04-09 00:00:00
42762,high,suspended,CA,2024-12-18 00:00:00
18864,high,suspended,DE,2025-03-28 00:00:00
15640,high,suspended,US,2024-07-29 00:00:00
5938,medium,suspended,US,2024-11-26 00:00:00
9328,high,suspended,US,2024-11-28 00:00:00
29097,high,suspended,US,2025-01-21 00:00:00
44331,high,suspended,US,2025-04-13 00:00:00
39616,high,suspended,UK,2024-08-28 00:00:00
26692,high,suspended,US,2025-05-11 00:00:00
41567,high,suspended,US,2025-05-28 00:00:00
27810,high,suspended,CA,2024-10-31 00:00:00
15423,high,suspended,DE,2025-04-11 00:00:00
41136,high,suspended,UK,2025-03-30 00:00:00
5365,high,suspended,CA,2024-07-14 00:00:00
35850,high,suspended,US,2025-05-11 00:00:00
23511,high,suspended,US,2024-08-08 00:00:00
11628,high,suspended,UK,2024-11-08 00:00:00
1344,medium,suspended,FR,2024-07-31 00:00:00
25493,high,suspended,DE,2024-10-01 00:00:00
11748,high,suspended,DE,2024-11-04 00:00:00
28147,high,suspended,FR,2024-07-30 00:00:00
30755,high,suspended,DE,2024-09-02 00:00:00
27334,high,suspended,US,2024-12-09 00:00:00
8902,high,suspended,US,2025-05-22 00:00:00
38421,high,suspended,UK,2024-08-12 00:00:00
32785,high,suspended,US,2025-02-17 00:00:00
36463,high,suspended,US,2024-12-16 00:00:00
24309,high,suspended,US,2025-01-01 00:00:00
13638,high,suspended,US,2025-04-02 00:00:00
48420,high,suspended,US,2024-08-10 00:00:00
12067,high,suspended,FR,2025-03-22 00:00:00
41703,medium,suspended,CA,2024-12-14 00:00:00
28610,high,suspended,CA,2025-01-03 00:00:00
17554,high,suspended,UK,2024-09-04 00:00:00
7998,high,suspended,FR,2025-02-05 00:00:00
47548,high,suspended,US,2025-04-22 00:00:00
25872,high,suspended,US,2025-03-03 00:00:00
5155,high,suspended,UK,2025-05-22 00:00:00
7675,high,suspended,US,2025-04-27 00:00:00
47032,high,suspended,FR,2024-08-28 00:00:00
1633,high,suspended,US,2025-03-12 00:00:00
21854,high,suspended,US,2024-08-25 00:00:00
22735,high,suspended,CA,2025-02-06 00:00:00
15100,high,suspended,DE,2024-10-26 00:00:00
20809,high,suspended,US,2024-08-11 00:00:00
42269,high,suspended,US,2024-09-04 00:00:00
22118,high,suspended,UK,2024-11-09 00:00:00
44917,high,suspended,US,2025-01-17 00:00:00
7477,high,suspended,UK,2025-04-14 00:00:00
9719,high,suspended,UK,2024-06-28 00:00:00
43936,high,suspended,US,2024-12-01 00:00:00
31598,high,suspended,FR,2024-06-05 00:00:00
20185,high,suspended,US,2025-02-04 00:00:00
33983,high,suspended,US,2024-08-09 00:00:00
28398,high,suspended,US,2024-09-08 00:00:00
37925,high,suspended,US,2024-12-14 00:00:00
14317,high,suspended,UK,2025-03-15 00:00:00
39397,high,suspended,US,2025-02-14 00:00:00
17307,high,suspended,US,2025-05-01 00:00:00
45962,high,suspended,UK,2025-02-09 00:00:00
26450,high,suspended,UK,2024-12-27 00:00:00
28907,high,suspended,UK,2025-05-17 00:00:00
47561,high,suspended,US,2025-02-07 00:00:00
22244,high,suspended,DE,2024-12-30 00:00:00
41579,high,suspended,US,2025-05-30 00:00:00
27368,high,suspended,FR,2025-01-14 00:00:00
30693,high,suspended,UK,2025-02-06 00:00:00
8325,high,suspended,FR,2024-08-25 00:00:00
7787,high,suspended,US,2024-07-13 00:00:00
8794,high,suspended,UK,2025-03-17 00:00:00
31300,high,suspended,US,2024-06-16 00:00:00
17671,high,suspended,US,2024-09-21 00:00:00
1070,high,suspended,CA,2024-10-28 00:00:00
32776,high,suspended,US,2024-06-17 00:00:00
27910,high,suspended,CA,2024-10-19 00:00:00
13269,high,suspended,US,2024-09-24 00:00:00
12011,high,suspended,US,2025-03-03 00:00:00
27971,high,suspended,UK,2024-10-26 00:00:00
17213,high,suspended,US,2024-08-26 00:00:00
19230,high,suspended,UK,2025-01-21 00:00:00
16073,high,suspended,US,2025-03-17 00:00:00
35186,high,suspended,US,2025-02-09 00:00:00
27052,high,suspended,FR,2025-03-09 00:00:00
16934,high,suspended,CA,2025-02-17 00:00:00
12711,high,suspended,US,2024-07-28 00:00:00
43118,high,suspended,US,2025-03-21 00:00:00
41760,high,suspended,DE,2024-07-29 00:00:00
13042,high,suspended,DE,2024-10-16 00:00:00
33616,high,suspended,US,2025-03-06 00:00:00
43109,high,suspended,US,2024-12-05 00:00:00
40944,high,suspended,UK,2025-03-05 00:00:00
43241,high,suspended,UK,2024-06-22 00:00:00
38001,medium,suspended,CA,2025-01-12 00:00:00
23697,high,suspended,US,2025-03-07 00:00:00
18471,high,suspended,US,2024-09-20 00:00:00
37469,high,suspended,US,2025-01-04 00:00:00
1107,high,suspended,US,2024-07-23 00:00:00
31961,high,suspended,UK,2025-05-01 00:00:00
32966,high,suspended,FR,2024-10-05 00:00:00
10524,medium,suspended,US,2024-10-31 00:00:00
48542,high,suspended,US,2024-06-17 00:00:00
10204,high,suspended,CA,2025-01-17 00:00:00
18459,high,suspended,US,2024-10-13 00:00:00
13222,high,suspended,UK,2024-11-26 00:00:00
28988,high,suspended,UK,2024-07-15 00:00:00
14341,high,suspended,US,2025-01-11 00:00:00
278,high,suspended,DE,2024-07-31 00:00:00
1769,high,suspended,US,2024-09-30 00:00:00
44699,high,suspended,US,2024-09-16 00:00:00
34384,high,suspended,US,2025-03-29 00:00:00
13220,high,suspended,US,2025-05-19 00:00:00
5702,high,suspended,US,2024-11-27 00:00:00
21693,high,suspended,US,2025-05-30 00:00:00
10776,high,suspended,CA,2025-04-09 00:00:00
38103,high,suspended,US,2025-04-20 00:00:00
11171,high,suspended,US,2025-01-06 00:00:00
37221,high,suspended,US,2024-08-24 00:00:00
4072,high,suspended,UK,2025-04-12 00:00:00
20281,high,suspended,CA,2024-08-11 00:00:00
21976,high,suspended,US,2024-09-14 00:00:00
26614,high,suspended,US,2024-09-14 00:00:00
42491,high,suspended,US,2024-07-01 00:00:00
20696,high,suspended,US,2025-03-19 00:00:00
15483,high,suspended,DE,2024-11-27 00:00:00
32710,high,suspended,US,2025-02-28 00:00:00
20200,high,suspended,US,2024-10-22 00:00:00
35712,high,suspended,UK,2025-04-02 00:00:00
21671,high,suspended,US,2025-03-03 00:00:00
2707,high,suspended,US,2024-08-26 00:00:00
11924,high,suspended,US,2024-11-13 00:00:00
18045,high,suspended,UK,2025-05-27 00:00:00
24752,high,suspended,FR,2024-10-28 00:00:00
2647,high,suspended,US,2024-10-27 00:00:00
48978,high,suspended,DE,2025-03-21 00:00:00
13569,high,suspended,CA,2024-10-15 00:00:00
8958,high,suspended,US,2025-02-19 00:00:00
348,high,suspended,CA,2025-05-14 00:00:00
11033,high,suspended,FR,2024-07-19 00:00:00
30673,high,suspended,US,2024-08-09 00:00:00
47689,high,suspended,US,2024-12-28 00:00:00
42715,high,suspended,US,2024-07-01 00:00:00
4573,high,suspended,UK,2024-10-20 00:00:00
32990,high,suspended,US,2025-05-02 00:00:00
20096,high,suspended,DE,2024-08-04 00:00:00
5784,high,suspended,US,2025-05-26 00:00:00
10080,high,suspended,US,2024-08-07 00:00:00
46394,high,suspended,US,2024-10-06 00:00:00
9036,high,suspended,CA,2024-08-14 00:00:00
21963,high,suspended,US,2025-05-31 00:00:00
11204,high,suspended,US,2024-11-12 00:00:00
25161,high,suspended,US,2024-10-05 00:00:00
38772,high,suspended,US,2025-05-13 00:00:00
40153,high,suspended,UK,2024-12-19 00:00:00
49033,high,suspended,CA,2025-02-06 00:00:00
33117,high,suspended,CA,2024-08-12 00:00:00
38801,high,suspended,UK,2025-03-23 00:00:00
2356,high,suspended,US,2025-04-20 00:00:00
744,high,suspended,FR,2024-10-16 00:00:00
16020,high,suspended,DE,2025-04-18 00:00:00
44099,high,suspended,US,2024-12-30 00:00:00
48216,high,suspended,US,2024-12-10 00:00:00
28300,medium,suspended,FR,2025-01-18 00:00:00
28965,high,suspended,FR,2024-07-09 00:00:00
38261,high,suspended,FR,2025-04-21 00:00:00
11161,high,suspended,US,2024-07-18 00:00:00
23933,high,suspended,US,2024-12-24 00:00:00
48047,medium,suspended,US,2025-02-19 00:00:00
23146,high,suspended,US,2024-10-21 00:00:00
32584,high,suspended,FR,2025-05-22 00:00:00
3697,high,suspended,US,2024-12-06 00:00:00
34058,high,suspended,US,2025-01-19 00:00:00
41791,high,suspended,US,2025-02-05 00:00:00
36593,high,suspended,UK,2024-11-15 00:00:00
44020,high,suspended,US,2025-03-25 00:00:00
11173,high,suspended,US,2024-06-02 00:00:00
20645,medium,suspended,US,2024-07-18 00:00:00
32874,high,suspended,CA,2025-01-21 00:00:00
48455,high,suspended,US,2025-04-22 00:00:00
40793,high,suspended,US,2025-05-07 00:00:00
36818,high,suspended,US,2025-05-24 00:00:00
10659,high,suspended,US,2024-12-01 00:00:00
34846,high,suspended,US,2024-07-03 00:00:00
34741,high,suspended,US,2025-03-01 00:00:00
44268,high,suspended,US,2024-12-21 00:00:00
5744,high,suspended,US,2024-09-20 00:00:00
7506,high,suspended,CA,2025-01-06 00:00:00
21784,high,suspended,US,2024-09-17 00:00:00
44172,high,suspended,DE,2025-02-09 00:00:00
42573,high,suspended,FR,2024-10-16 00:00:00
8182,high,suspended,UK,2024-11-13 00:00:00
34236,high,suspended,UK,2024-10-24 00:00:00
8131,high,suspended,US,2024-11-20 00:00:00
46182,high,suspended,US,2025-03-08 00:00:00
11966,high,suspended,UK,2025-03-23 00:00:00
10701,high,suspended,US,2024-08-06 00:00:00
8781,high,suspended,DE,2025-03-17 00:00:00
28581,high,suspended,US,2025-02-04 00:00:00
16141,high,suspended,US,2024-11-23 00:00:00
41929,high,suspended,US,2025-05-16 00:00:00
12512,high,suspended,FR,2024-06-25 00:00:00
35981,high,suspended,US,2024-06-24 00:00:00
41131,high,suspended,US,2024-07-21 00:00:00
11358,high,suspended,US,2025-04-17 00:00:00
44987,high,suspended,FR,2025-01-22 00:00:00
3440,high,suspended,US,2024-06-09 00:00:00
44477,high,suspended,UK,2024-08-03 00:00:00
2294,high,suspended,UK,2024-08-20 00:00:00
30878,high,suspended,US,2025-01-12 00:00:00
28332,medium,suspended,US,2025-01-20 00:00:00
27360,high,suspended,CA,2024-06-01 00:00:00
36218,high,suspended,US,2025-01-06 00:00:00
16522,high,suspended,US,2024-09-12 00:00:00
4866,high,suspended,US,2025-05-19 00:00:00
22870,high,suspended,UK,2024-08-07 00:00:00
32042,high,suspended,US,2025-04-29 00:00:00
42033,high,suspended,US,2024-11-02 00:00:00
10606,high,suspended,US,2024-08-21 00:00:00
26643,high,suspended,UK,2024-10-19 00:00:00
26854,high,suspended,US,2024-07-18 00:00:00
2970,high,suspended,US,2025-05-02 00:00:00
34118,high,suspended,US,2024-12-02 00:00:00
23165,high,suspended,US,2024-10-07 00:00:00
15625,high,suspended,US,2024-07-13 00:00:00
2576,high,suspended,US,2024-12-08 00:00:00
101,high,suspended,US,2025-05-07 00:00:00
6619,high,suspended,US,2025-04-29 00:00:00
45824,high,suspended,US,2024-08-24 00:00:00
31312,high,suspended,UK,2024-06-27 00:00:00
47765,high,suspended,CA,2024-12-20 00:00:00
27858,high,suspended,US,2025-04-17 00:00:00
30605,high,suspended,US,2024-11-04 00:00:00
26153,high,suspended,US,2025-05-25 00:00:00
25635,high,suspended,US,2024-09-28 00:00:00
2480,high,suspended,UK,2025-01-06 00:00:00
24740,high,suspended,UK,2025-05-02 00:00:00
12116,high,suspended,US,2024-07-17 00:00:00
648,high,suspended,CA,2025-05-27 00:00:00
44719,high,suspended,US,2024-07-19 00:00:00
13776,high,suspended,US,2024-06-01 00:00:00
39374,high,suspended,US,2024-09-18 00:00:00
10750,high,suspended,US,2025-01-31 00:00:00
19745,high,suspended,US,2024-07-10 00:00:00
17911,high,suspended,FR,2024-08-07 00:00:00
47931,high,suspended,US,2025-03-31 00:00:00
14328,high,suspended,US,2024-09-24 00:00:00
8647,high,suspended,US,2025-02-21 00:00:00
24927,high,suspended,CA,2025-05-15 00:00:00
9335,high,suspended,US,2025-01-14 00:00:00
40829,high,suspended,UK,2024-06-05 00:00:00
4562,high,suspended,DE,2024-06-05 00:00:00
7708,high,suspended,FR,2025-05-23 00:00:00
732,high,suspended,CA,2024-11-23 00:00:00
24425,high,suspended,UK,2024-08-01 00:00:00
22172,high,suspended,US,2025-01-03 00:00:00
16513,high,suspended,US,2025-05-22 00:00:00
32459,high,suspended,US,2024-08-07 00:00:00
47587,high,suspended,US,2025-01-31 00:00:00
35891,high,suspended,UK,2024-07-07 00:00:00
15857,high,suspended,US,2024-09-26 00:00:00
23699,high,suspended,CA,2024-12-14 00:00:00
5721,medium,suspended,US,2024-07-16 00:00:00
31427,high,suspended,FR,2024-07-23 00:00:00
27775,high,suspended,CA,2024-07-23 00:00:00
17471,high,suspended,DE,2024-11-08 00:00:00
42909,high,suspended,US,2024-12-06 00:00:00
33078,high,suspended,US,2024-11-01 00:00:00
21088,high,suspended,US,2024-08-10 00:00:00
21318,high,suspended,US,2024-12-13 00:00:00
42064,high,suspended,US,2024-08-08 00:00:00
13008,high,suspended,US,2025-04-25 00:00:00
35060,high,suspended,US,2025-05-13 00:00:00
24187,high,suspended,US,2024-08-13 00:00:00
31287,high,suspended,US,2024-07-06 00:00:00
23315,high,suspended,FR,2025-02-27 00:00:00
11222,high,suspended,US,2025-03-16 00:00:00
48384,high,suspended,US,2024-06-05 00:00:00
46727,high,suspended,US,2025-04-09 00:00:00
47052,high,suspended,US,2025-04-29 00:00:00
26774,high,suspended,US,2024-08-24 00:00:00
23820,medium,suspended,US,2025-01-12 00:00:00
46744,medium,suspended,US,2024-11-27 00:00:00
21413,medium,suspended,US,2024-09-18 00:00:00
11893,high,suspended,US,2025-04-18 00:00:00
46539,high,suspended,CA,2024-08-17 00:00:00
23031,high,suspended,UK,2024-12-28 00:00:00
20151,high,suspended,DE,2025-04-12 00:00:00
10669,high,suspended,US,2025-05-18 00:00:00
49945,high,suspended,US,2025-01-13 00:00:00
9346,medium,suspended,US,2024-09-20 00:00:00
44879,high,suspended,CA,2024-07-15 00:00:00
43454,high,suspended,UK,2024-07-22 00:00:00
15732,high,suspended,US,2024-08-11 00:00:00
23157,high,suspended,US,2024-08-03 00:00:00
6042,high,suspended,DE,2025-03-29 00:00:00
27139,high,suspended,US,2024-12-14 00:00:00
485,high,suspended,US,2024-11-27 00:00:00
48419,high,suspended,US,2025-01-06 00:00:00
40275,high,suspended,US,2024-11-09 00:00:00
30721,high,suspended,FR,2024-08-11 00:00:00
20548,high,suspended,US,2024-10-05 00:00:00
42296,high,suspended,US,2024-10-20 00:00:00
19654,high,suspended,US,2025-04-27 00:00:00
41454,high,suspended,DE,2024-07-14 00:00:00
49259,high,suspended,US,2024-10-06 00:00:00
33377,high,suspended,US,2025-03-11 00:00:00
4566,high,suspended,US,2025-04-04 00:00:00
33173,high,suspended,US,2025-04-04 00:00:00
11858,high,suspended,US,2025-04-08 00:00:00
35494,high,suspended,US,2024-10-24 00:00:00
3536,high,suspended,UK,2025-05-20 00:00:00
16831,high,suspended,US,2024-06-14 00:00:00
46769,high,suspended,UK,2025-05-04 00:00:00
41712,high,suspended,US,2024-11-02 00:00:00
41850,high,suspended,CA,2024-09-14 00:00:00
8001,high,suspended,US,2025-02-21 00:00:00
33630,high,suspended,US,2025-04-07 00:00:00
12791,high,suspended,CA,2025-02-16 00:00:00
14096,high,suspended,US,2024-09-05 00:00:00
16808,high,suspended,US,2024-12-18 00:00:00
16626,high,suspended,US,2024-10-30 00:00:00
49401,high,suspended,UK,2025-04-27 00:00:00
29030,high,suspended,US,2024-06-28 00:00:00
37921,high,suspended,US,2024-10-01 00:00:00
39436,high,suspended,UK,2025-02-09 00:00:00
8910,high,suspended,US,2024-12-15 00:00:00
35544,high,suspended,UK,2024-07-28 00:00:00
34620,high,suspended,US,2024-10-02 00:00:00
43741,high,suspended,US,2025-02-11 00:00:00
34413,high,suspended,US,2025-04-23 00:00:00
1198,high,suspended,US,2025-04-01 00:00:00
23827,high,suspended,FR,2024-07-07 00:00:00
14184,high,suspended,CA,2025-02-26 00:00:00
38886,high,suspended,US,2024-06-07 00:00:00
33207,high,suspended,US,2024-12-02 00:00:00
17647,high,suspended,CA,2024-11-10 00:00:00
28963,high,suspended,FR,2024-08-07 00:00:00
27471,high,suspended,US,2024-12-16 00:00:00
4600,high,suspended,CA,2025-03-19 00:00:00
39822,high,suspended,US,2025-01-02 00:00:00
11304,high,suspended,US,2024-12-05 00:00:00
47996,high,suspended,CA,2025-03-07 00:00:00
12784,high,suspended,US,2025-05-16 00:00:00
1687,high,suspended,DE,2024-08-28 00:00:00
12,high,suspended,UK,2025-01-28 00:00:00
41231,high,suspended,CA,2024-07-08 00:00:00
31054,high,suspended,DE,2024-06-09 00:00:00
2828,high,suspended,CA,2025-03-28 00:00:00
47853,high,suspended,US,2024-07-05 00:00:00
24878,high,suspended,CA,2024-06-08 00:00:00
43793,high,suspended,US,2024-10-13 00:00:00
48802,high,suspended,US,2024-09-19 00:00:00
40550,high,suspended,US,2024-06-21 00:00:00
49955,high,suspended,US,2024-07-01 00:00:00
39264,high,suspended,DE,2024-12-21 00:00:00
21543,high,suspended,US,2025-02-15 00:00:00
49853,high,suspended,US,2024-10-25 00:00:00
32028,high,suspended,US,2025-04-18 00:00:00
16072,high,suspended,UK,2025-05-31 00:00:00
46608,high,suspended,US,2025-02-12 00:00:00
32137,high,suspended,US,2024-12-30 00:00:00
19274,high,suspended,DE,2025-01-03 00:00:00
14809,high,suspended,UK,2025-05-26 00:00:00
35021,high,suspended,US,2024-12-23 00:00:00
33779,high,suspended,US,2024-07-13 00:00:00
44566,high,suspended,CA,2025-04-24 00:00:00
39819,high,suspended,UK,2025-03-02 00:00:00
36597,high,suspended,DE,2025-03-03 00:00:00
13132,high,suspended,UK,2025-04-12 00:00:00
37737,high,suspended,FR,2024-08-18 00:00:00
29916,high,suspended,UK,2024-10-21 00:00:00
38555,high,suspended,UK,2024-07-13 00:00:00
35918,high,suspended,DE,2024-11-06 00:00:00
392,high,suspended,UK,2024-07-11 00:00:00
15499,high,suspended,FR,2025-02-17 00:00:00
35445,high,suspended,US,2024-09-13 00:00:00
16174,high,suspended,US,2024-08-19 00:00:00
47840,high,suspended,US,2025-03-02 00:00:00
21374,high,suspended,US,2024-11-15 00:00:00
31299,high,suspended,DE,2024-12-18 00:00:00
27947,high,suspended,UK,2025-03-28 00:00:00
40791,high,suspended,US,2025-04-21 00:00:00
10249,high,suspended,US,2025-04-29 00:00:00
16042,medium,suspended,US,2025-05-15 00:00:00
19349,high,suspended,US,2025-04-26 00:00:00
17020,high,suspended,US,2024-07-04 00:00:00
11284,high,suspended,US,2024-11-06 00:00:00
42139,high,suspended,CA,2025-05-24 00:00:00
23989,high,suspended,US,2025-01-10 00:00:00
45217,high,suspended,US,2024-10-01 00:00:00
30386,high,suspended,US,2024-06-30 00:00:00
26178,high,suspended,FR,2024-10-04 00:00:00
30607,high,suspended,US,2024-07-15 00:00:00
10075,high,suspended,UK,2025-01-09 00:00:00
12833,high,suspended,US,2024-07-30 00:00:00
49007,high,suspended,FR,2025-01-19 00:00:00
42330,high,suspended,US,2025-04-10 00:00:00
15310,high,suspended,US,2025-04-08 00:00:00
44799,high,suspended,DE,2024-06-29 00:00:00
35464,high,suspended,DE,2024-11-06 00:00:00
30126,high,suspended,US,2025-05-08 00:00:00
29262,high,suspended,US,2025-05-03 00:00:00
24372,high,suspended,US,2024-08-29 00:00:00
8330,high,suspended,CA,2024-08-01 00:00:00
18633,high,suspended,CA,2024-06-07 00:00:00
3339,high,suspended,US,2025-05-29 00:00:00
49950,high,suspended,CA,2024-08-10 00:00:00
23570,high,suspended,US,2025-05-26 00:00:00
876,high,suspended,FR,2024-06-06 00:00:00
3230,high,suspended,CA,2024-08-23 00:00:00
21062,high,suspended,CA,2025-02-10 00:00:00
44895,medium,suspended,US,2024-11-25 00:00:00
34378,high,suspended,FR,2025-02-23 00:00:00
13577,high,suspended,US,2025-02-20 00:00:00
30130,high,suspended,US,2024-10-11 00:00:00
48140,high,suspended,US,2024-08-25 00:00:00
44863,high,suspended,US,2024-12-08 00:00:00
35302,high,suspended,US,2024-08-04 00:00:00
11170,high,suspended,UK,2024-10-16 00:00:00
39861,high,suspended,US,2024-07-31 00:00:00
21694,high,suspended,US,2024-06-16 00:00:00
15382,high,suspended,US,2024-11-19 00:00:00
36329,high,suspended,US,2025-01-06 00:00:00
34460,high,suspended,US,2024-10-18 00:00:00
18266,high,suspended,US,2025-02-24 00:00:00
11754,high,suspended,FR,2024-07-03 00:00:00
18701,high,suspended,US,2024-10-13 00:00:00
9386,high,suspended,US,2025-05-31 00:00:00
48326,high,suspended,CA,2025-03-23 00:00:00
28427,high,suspended,US,2025-04-18 00:00:00
28325,medium,suspended,FR,2024-07-10 00:00:00
48688,high,suspended,US,2025-02-10 00:00:00
40863,high,suspended,CA,2025-01-20 00:00:00
15915,high,suspended,CA,2025-02-17 00:00:00
12693,high,suspended,US,2024-12-02 00:00:00
49458,high,suspended,US,2024-06-29 00:00:00
43237,high,suspended,US,2025-02-11 00:00:00
11068,high,suspended,US,2025-03-18 00:00:00
10224,high,suspended,US,2024-08-25 00:00:00
45694,high,suspended,US,2024-12-06 00:00:00
20251,high,suspended,UK,2024-08-20 00:00:00
9143,high,suspended,US,2024-10-09 00:00:00
43325,high,suspended,CA,2024-07-23 00:00:00
44702,high,suspended,US,2025-03-21 00:00:00
31838,high,suspended,CA,2025-05-12 00:00:00
35471,high,suspended,US,2024-07-30 00:00:00
37508,medium,suspended,UK,2024-09-25 00:00:00
46233,high,suspended,UK,2025-02-16 00:00:00
32239,high,suspended,US,2024-06-02 00:00:00
30860,high,suspended,UK,2024-06-23 00:00:00
13335,high,suspended,US,2024-06-07 00:00:00
21724,high,suspended,UK,2024-10-04 00:00:00
41657,high,suspended,UK,2024-06-24 00:00:00
23502,high,suspended,US,2025-01-28 00:00:00
37720,high,suspended,US,2024-12-04 00:00:00
35632,high,suspended,US,2024-12-14 00:00:00
25680,high,suspended,UK,2024-08-16 00:00:00
8810,high,suspended,US,2024-08-31 00:00:00
40864,high,suspended,US,2024-06-19 00:00:00
37015,high,suspended,US,2025-03-11 00:00:00
16225,high,suspended,US,2025-06-01 00:00:00
20322,medium,suspended,US,2025-05-02 00:00:00
43910,high,suspended,US,2025-01-01 00:00:00
23317,high,suspended,US,2024-09-23 00:00:00
37912,high,suspended,US,2024-11-12 00:00:00
10313,high,suspended,US,2024-10-06 00:00:00
49294,high,suspended,US,2024-12-31 00:00:00
40331,high,suspended,US,2024-11-11 00:00:00
14502,high,suspended,US,2024-10-17 00:00:00
39469,high,suspended,US,2024-07-10 00:00:00
860,high,suspended,FR,2025-03-20 00:00:00
9570,high,suspended,US,2024-12-08 00:00:00
36074,high,suspended,DE,2024-08-01 00:00:00
5245,high,suspended,US,2025-02-13 00:00:00
6836,high,suspended,US,2025-05-11 00:00:00
3961,high,suspended,CA,2024-06-27 00:00:00
49196,high,suspended,US,2024-08-31 00:00:00
21793,high,suspended,CA,2024-09-23 00:00:00
34828,high,suspended,US,2025-02-20 00:00:00
29607,high,suspended,US,2024-06-24 00:00:00
49988,high,suspended,US,2024-12-23 00:00:00
2776,high,suspended,US,2024-07-06 00:00:00
45027,high,suspended,CA,2025-01-25 00:00:00
6863,high,suspended,US,2024-10-23 00:00:00
14155,high,suspended,UK,2024-11-07 00:00:00
49463,high,suspended,US,2024-11-15 00:00:00
12986,medium,suspended,US,2024-07-15 00:00:00
23459,high,suspended,UK,2025-03-11 00:00:00
14971,high,suspended,UK,2025-01-20 00:00:00
19563,high,suspended,US,2024-06-05 00:00:00
32247,high,suspended,US,2024-12-06 00:00:00
27358,high,suspended,US,2024-09-11 00:00:00
8801,high,suspended,US,2024-10-28 00:00:00
48783,high,suspended,UK,2025-03-16 00:00:00
8621,high,suspended,US,2024-11-03 00:00:00
43361,high,suspended,US,2025-04-15 00:00:00
47301,high,suspended,US,2024-10-03 00:00:00
36164,high,suspended,US,2025-01-24 00:00:00
47884,high,suspended,US,2024-12-06 00:00:00
38474,high,suspended,FR,2025-03-30 00:00:00
8089,high,suspended,US,2025-02-08 00:00:00
22305,high,suspended,US,2024-09-09 00:00:00
47234,high,suspended,CA,2025-03-07 00:00:00
28913,high,suspended,US,2024-10-04 00:00:00
11529,high,suspended,US,2024-08-17 00:00:00
29626,high,suspended,US,2024-06-04 00:00:00
30679,high,suspended,US,2024-12-27 00:00:00
31443,high,suspended,UK,2024-06-13 00:00:00
49577,high,suspended,US,2024-09-28 00:00:00
36909,high,suspended,US,2025-03-05 00:00:00
4338,high,suspended,DE,2024-11-25 00:00:00
9476,high,suspended,US,2025-04-22 00:00:00
18046,high,suspended,US,2025-05-22 00:00:00
16755,high,suspended,US,2024-06-05 00:00:00
21945,high,suspended,UK,2024-11-19 00:00:00
17055,high,suspended,CA,2024-06-01 00:00:00
4943,high,suspended,FR,2025-05-03 00:00:00
44634,high,suspended,US,2024-12-10 00:00:00
42655,high,suspended,US,2024-11-05 00:00:00
2285,high,suspended,US,2024-07-24 00:00:00
4989,high,suspended,US,2024-09-14 00:00:00
46961,high,suspended,US,2025-02-27 00:00:00
1005,high,suspended,US,2024-09-30 00:00:00
14106,high,suspended,US,2025-01-01 00:00:00
27914,high,suspended,DE,2025-02-07 00:00:00
30465,high,suspended,US,2024-07-01 00:00:00
40422,high,suspended,US,2024-08-12 00:00:00
4774,medium,suspended,US,2025-05-31 00:00:00
26573,high,suspended,US,2024-10-22 00:00:00
18251,high,suspended,US,2024-07-18 00:00:00
49384,high,suspended,US,2024-06-23 00:00:00
32340,high,suspended,UK,2024-09-27 00:00:00
39902,high,suspended,CA,2025-02-22 00:00:00
39224,high,suspended,CA,2024-12-29 00:00:00
12978,high,suspended,CA,2025-05-25 00:00:00
11613,high,suspended,US,2024-12-08 00:00:00
14225,high,suspended,US,2025-01-21 00:00:00
33857,high,suspended,UK,2024-07-14 00:00:00
25341,high,suspended,US,2025-03-25 00:00:00
2597,high,suspended,UK,2024-07-19 00:00:00
9702,high,suspended,US,2025-02-14 00:00:00
45637,high,suspended,CA,2024-08-08 00:00:00
10169,high,suspended,US,2025-04-23 00:00:00
45290,high,suspended,US,2024-12-19 00:00:00
31385,high,suspended,US,2024-07-09 00:00:00
988,high,suspended,US,2025-03-31 00:00:00
34397,high,suspended,UK,2025-03-18 00:00:00
12444,high,suspended,US,2024-07-02 00:00:00
518,high,suspended,DE,2025-01-09 00:00:00
5661,high,suspended,US,2025-05-06 00:00:00
16391,high,suspended,DE,2024-08-06 00:00:00
45540,high,suspended,CA,2024-09-30 00:00:00
22161,high,suspended,US,2024-10-28 00:00:00
43015,high,suspended,CA,2024-10-12 00:00:00
26936,high,suspended,CA,2024-11-09 00:00:00
3686,medium,suspended,UK,2024-12-19 00:00:00
6581,high,suspended,US,2025-05-25 00:00:00
36070,high,suspended,US,2024-11-15 00:00:00
26370,high,suspended,FR,2024-11-10 00:00:00
46044,high,suspended,US,2025-01-18 00:00:00
20723,high,suspended,US,2024-10-18 00:00:00
17262,high,suspended,US,2024-09-28 00:00:00
17708,high,suspended,CA,2024-07-09 00:00:00
45446,high,suspended,UK,2024-09-12 00:00:00
3928,high,suspended,US,2024-08-09 00:00:00
26733,high,suspended,US,2025-03-27 00:00:00
30783,high,suspended,US,2024-07-26 00:00:00
49865,high,suspended,US,2024-08-19 00:00:00
42381,high,suspended,US,2024-07-25 00:00:00
42793,high,suspended,DE,2024-08-24 00:00:00
4652,high,suspended,UK,2025-01-17 00:00:00
10511,high,suspended,CA,2025-01-25 00:00:00
3515,high,suspended,US,2024-11-08 00:00:00
32730,high,suspended,US,2024-12-26 00:00:00
16922,high,suspended,US,2024-08-01 00:00:00
38303,high,suspended,US,2025-03-02 00:00:00
45812,high,suspended,CA,2024-12-01 00:00:00
32787,high,suspended,US,2024-09-15 00:00:00
49859,high,suspended,CA,2025-01-18 00:00:00
41848,high,suspended,US,2024-11-05 00:00:00
16775,high,suspended,US,2025-01-24 00:00:00
42877,high,suspended,US,2024-10-14 00:00:00
8093,high,suspended,US,2024-08-01 00:00:00
7021,high,suspended,US,2024-07-17 00:00:00
29166,high,suspended,CA,2024-08-20 00:00:00
49669,high,suspended,US,2025-05-18 00:00:00
45060,high,suspended,US,2024-11-03 00:00:00
30104,high,suspended,US,2025-05-27 00:00:00
36865,high,suspended,UK,2025-05-23 00:00:00
45607,high,suspended,US,2025-04-05 00:00:00
32904,high,suspended,US,2024-06-21 00:00:00
40956,high,suspended,US,2024-09-19 00:00:00
9309,high,suspended,UK,2024-11-15 00:00:00
14828,high,suspended,US,2024-08-15 00:00:00
867,high,suspended,US,2024-07-17 00:00:00
18846,high,suspended,CA,2025-05-31 00:00:00
32257,high,suspended,US,2024-10-06 00:00:00
12079,high,suspended,US,2024-11-30 00:00:00
24505,high,suspended,US,2024-12-20 00:00:00
1476,high,suspended,US,2025-02-18 00:00:00
9798,high,suspended,UK,2024-06-26 00:00:00
44442,high,suspended,US,2025-05-13 00:00:00
17544,medium,suspended,US,2024-11-01 00:00:00
34948,high,suspended,US,2024-10-12 00:00:00
29851,high,suspended,FR,2024-08-29 00:00:00
36500,high,suspended,US,2024-06-16 00:00:00
37512,high,suspended,UK,2024-12-25 00:00:00
5192,high,suspended,US,2025-01-18 00:00:00
5441,high,suspended,US,2025-03-12 00:00:00
42353,high,suspended,UK,2025-03-09 00:00:00
20405,high,suspended,FR,2024-10-06 00:00:00
43664,high,suspended,US,2024-07-19 00:00:00
26586,high,suspended,US,2025-01-23 00:00:00
22762,high,suspended,US,2024-07-23 00:00:00
44385,high,suspended,US,2024-08-11 00:00:00
33657,high,suspended,UK,2024-08-02 00:00:00
41296,high,suspended,US,2024-06-07 00:00:00
35922,high,suspended,DE,2024-07-02 00:00:00
32912,high,suspended,US,2024-09-22 00:00:00
35414,high,suspended,CA,2024-08-06 00:00:00
44503,high,suspended,US,2024-09-10 00:00:00
12304,high,suspended,CA,2024-12-23 00:00:00
9856,high,suspended,US,2024-12-08 00:00:00
24935,high,suspended,CA,2025-05-18 00:00:00
40058,medium,suspended,US,2025-04-19 00:00:00
49516,high,suspended,CA,2025-04-27 00:00:00
38763,high,suspended,UK,2024-07-14 00:00:00
43989,high,suspended,US,2025-03-26 00:00:00
21541,high,suspended,DE,2025-03-28 00:00:00
20572,medium,suspended,UK,2024-10-11 00:00:00
35377,high,suspended,US,2024-07-09 00:00:00
24066,high,suspended,US,2024-06-12 00:00:00
774,high,suspended,US,2024-07-04 00:00:00
43974,high,suspended,US,2024-09-10 00:00:00
15785,medium,suspended,US,2025-04-27 00:00:00
7830,high,suspended,UK,2025-01-14 00:00:00
25843,high,suspended,US,2024-08-05 00:00:00
16262,high,suspended,FR,2024-07-18 00:00:00
27754,high,suspended,US,2024-11-17 00:00:00
45281,high,suspended,US,2024-08-02 00:00:00
45994,high,suspended,US,2024-06-22 00:00:00
8814,high,suspended,UK,2025-01-23 00:00:00
36543,high,suspended,DE,2024-06-26 00:00:00
13431,high,suspended,US,2024-08-26 00:00:00
3009,high,suspended,UK,2025-03-21 00:00:00
46842,high,suspended,UK,2025-01-08 00:00:00
16825,high,suspended,CA,2024-12-20 00:00:00
4053,high,suspended,US,2025-02-10 00:00:00
6274,high,suspended,US,2024-06-16 00:00:00
35224,high,suspended,CA,2024-12-13 00:00:00
37897,high,suspended,CA,2025-05-16 00:00:00
12870,high,suspended,US,2025-01-05 00:00:00
37890,high,suspended,CA,2024-08-28 00:00:00
29383,high,suspended,US,2024-11-29 00:00:00
15133,high,suspended,US,2024-09-18 00:00:00
17892,high,suspended,DE,2024-09-04 00:00:00
49581,high,suspended,US,2024-10-19 00:00:00
3345,high,suspended,US,2024-10-22 00:00:00
25926,high,suspended,UK,2025-01-15 00:00:00
47601,high,suspended,DE,2024-08-16 00:00:00
10143,high,suspended,US,2024-06-18 00:00:00
46213,high,suspended,US,2025-04-11 00:00:00
13165,high,suspended,US,2025-04-14 00:00:00
44711,high,suspended,US,2025-04-12 00:00:00
18623,high,suspended,UK,2024-10-04 00:00:00
33817,high,suspended,US,2025-04-28 00:00:00
3482,high,suspended,US,2024-10-30 00:00:00
18132,high,suspended,US,2025-02-11 00:00:00
8246,high,suspended,US,2024-12-28 00:00:00
30086,high,suspended,CA,2025-03-09 00:00:00
27526,high,suspended,FR,2025-02-01 00:00:00
33505,high,suspended,US,2024-07-02 00:00:00
34898,high,suspended,US,2024-07-15 00:00:00
37792,high,suspended,DE,2024-10-22 00:00:00
37299,high,suspended,US,2024-12-14 00:00:00
20231,high,suspended,US,2024-08-10 00:00:00
19758,high,suspended,US,2025-01-01 00:00:00
47144,high,suspended,US,2024-09-11 00:00:00
46306,high,suspended,US,2025-04-26 00:00:00
26696,high,suspended,CA,2025-02-25 00:00:00
3742,high,suspended,US,2024-10-06 00:00:00
19257,high,suspended,UK,2025-04-19 00:00:00
22924,high,suspended,DE,2025-03-06 00:00:00
28636,high,suspended,CA,2024-06-10 00:00:00
32325,high,suspended,US,2024-12-13 00:00:00
5426,high,suspended,CA,2025-06-01 00:00:00
35516,high,suspended,US,2024-12-01 00:00:00
43294,high,suspended,FR,2025-02-01 00:00:00
38916,high,suspended,CA,2025-03-06 00:00:00
35270,medium,suspended,CA,2025-02-04 00:00:00
17252,high,suspended,US,2024-11-24 00:00:00
21027,high,suspended,UK,2025-03-17 00:00:00
25104,high,suspended,UK,2025-02-13 00:00:00
17437,high,suspended,US,2024-11-12 00:00:00
6682,high,suspended,FR,2024-12-16 00:00:00
12034,high,suspended,CA,2024-10-17 00:00:00
30688,high,suspended,US,2024-09-01 00:00:00
13443,high,suspended,US,2024-06-14 00:00:00
12178,high,suspended,FR,2024-11-11 00:00:00
17048,high,suspended,UK,2025-04-02 00:00:00
20631,high,suspended,FR,2024-09-21 00:00:00
10308,high,suspended,CA,2024-06-16 00:00:00
2095,high,suspended,UK,2024-10-22 00:00:00
48750,high,suspended,US,2024-06-30 00:00:00
15256,high,suspended,US,2025-01-28 00:00:00
20770,high,suspended,CA,2025-02-27 00:00:00
33527,high,suspended,US,2024-12-01 00:00:00
41059,high,suspended,CA,2025-03-27 00:00:00
48909,high,suspended,DE,2024-09-28 00:00:00
14190,high,suspended,CA,2024-08-21 00:00:00
12311,high,suspended,US,2024-07-22 00:00:00
11217,high,suspended,US,2024-10-05 00:00:00
45741,high,suspended,UK,2025-05-03 00:00:00
2975,high,suspended,DE,2024-10-02 00:00:00
43059,high,suspended,US,2024-10-15 00:00:00
39185,high,suspended,US,2025-03-01 00:00:00
39845,high,suspended,US,2024-06-29 00:00:00
18696,high,suspended,US,2024-09-21 00:00:00
24079,high,suspended,FR,2025-03-22 00:00:00
47776,high,suspended,US,2024-12-16 00:00:00
10573,high,suspended,CA,2024-11-29 00:00:00
4727,high,suspended,US,2024-08-28 00:00:00
31745,high,suspended,UK,2024-08-30 00:00:00
24206,high,suspended,UK,2024-09-30 00:00:00
13149,high,suspended,UK,2025-03-31 00:00:00
42241,high,suspended,US,2024-11-10 00:00:00
10912,high,suspended,CA,2025-05-24 00:00:00
47653,high,suspended,US,2024-12-01 00:00:00
18761,high,suspended,CA,2025-03-30 00:00:00
40475,high,suspended,US,2024-06-15 00:00:00
6654,high,suspended,UK,2025-05-27 00:00:00
16222,high,suspended,US,2025-05-25 00:00:00
44372,high,suspended,UK,2024-11-28 00:00:00
44778,high,suspended,UK,2025-03-18 00:00:00
28580,high,suspended,US,2025-03-16 00:00:00
26409,medium,suspended,DE,2024-08-12 00:00:00
2363,high,suspended,US,2025-03-16 00:00:00
10265,high,suspended,US,2024-09-05 00:00:00
37472,high,suspended,UK,2025-02-08 00:00:00
22444,high,suspended,CA,2025-03-05 00:00:00
16314,high,suspended,UK,2024-11-06 00:00:00
32350,high,suspended,US,2024-08-29 00:00:00
42572,high,suspended,DE,2025-02-07 00:00:00
12496,high,suspended,US,2024-06-20 00:00:00
38380,high,suspended,US,2024-07-17 00:00:00
32677,medium,suspended,UK,2024-06-29 00:00:00
18635,high,suspended,US,2024-09-28 00:00:00
10897,high,suspended,US,2025-04-05 00:00:00
41662,high,suspended,US,2024-09-21 00:00:00
35050,high,suspended,US,2024-06-11 00:00:00
31008,high,suspended,US,2025-02-25 00:00:00
15523,high,suspended,CA,2025-01-31 00:00:00
6332,high,suspended,US,2024-06-01 00:00:00
21046,high,suspended,FR,2024-11-17 00:00:00
31695,high,suspended,UK,2025-04-11 00:00:00
35114,high,suspended,US,2024-09-12 00:00:00
12473,high,suspended,US,2024-08-06 00:00:00
19618,medium,suspended,FR,2024-11-22 00:00:00
25639,high,suspended,DE,2024-08-30 00:00:00
28947,high,suspended,US,2024-11-13 00:00:00
44674,high,suspended,US,2024-07-01 00:00:00
41833,high,suspended,FR,2024-06-12 00:00:00
23865,high,suspended,US,2024-08-15 00:00:00
10558,high,suspended,US,2025-03-28 00:00:00
5507,high,suspended,US,2025-05-27 00:00:00
540,high,suspended,US,2024-08-12 00:00:00
24880,high,suspended,US,2024-07-27 00:00:00
34724,high,suspended,US,2025-02-25 00:00:00
5413,high,suspended,FR,2024-12-04 00:00:00
40389,high,suspended,UK,2024-07-08 00:00:00
29610,high,suspended,FR,2024-12-09 00:00:00
6608,high,suspended,US,2025-05-27 00:00:00
39401,high,suspended,US,2025-05-06 00:00:00
42796,high,suspended,US,2024-12-20 00:00:00
6242,high,suspended,US,2025-03-28 00:00:00
7544,high,suspended,DE,2024-07-22 00:00:00
11732,high,suspended,US,2024-11-20 00:00:00
40495,high,suspended,US,2024-11-02 00:00:00
3283,high,suspended,US,2024-11-13 00:00:00
4983,high,suspended,US,2024-08-09 00:00:00
41556,high,suspended,CA,2024-08-20 00:00:00
8253,high,suspended,US,2025-01-10 00:00:00
19359,high,suspended,US,2025-04-24 00:00:00
29491,high,suspended,US,2025-02-05 00:00:00
35707,high,suspended,CA,2025-04-29 00:00:00
37433,high,suspended,US,2024-11-10 00:00:00
31986,high,suspended,US,2024-08-29 00:00:00
10721,high,suspended,DE,2025-05-29 00:00:00
34796,high,suspended,US,2025-03-15 00:00:00
9322,medium,suspended,UK,2025-05-22 00:00:00
16651,high,suspended,US,2025-04-11 00:00:00
29661,high,suspended,US,2024-11-30 00:00:00
34751,high,suspended,US,2024-09-23 00:00:00
24274,high,suspended,US,2025-05-07 00:00:00
276,high,suspended,UK,2025-03-29 00:00:00
28166,high,suspended,US,2024-08-29 00:00:00
44610,high,suspended,US,2024-12-11 00:00:00
6217,high,suspended,DE,2024-11-05 00:00:00
28815,high,suspended,US,2025-05-19 00:00:00
13534,high,suspended,US,2024-10-29 00:00:00
46488,high,suspended,US,2024-08-05 00:00:00
43767,high,suspended,CA,2024-08-30 00:00:00
23223,high,suspended,FR,2024-06-01 00:00:00
32969,high,suspended,US,2025-05-26 00:00:00
18641,high,suspended,US,2025-03-21 00:00:00
18606,high,suspended,FR,2024-12-18 00:00:00
18588,high,suspended,CA,2025-03-18 00:00:00
23167,high,suspended,US,2024-06-17 00:00:00
5205,high,suspended,US,2024-09-02 00:00:00
5634,medium,suspended,DE,2025-04-05 00:00:00
21107,high,suspended,US,2024-11-10 00:00:00
18382,high,suspended,CA,2025-04-10 00:00:00
15224,high,suspended,US,2024-09-22 00:00:00
36112,high,suspended,US,2025-04-24 00:00:00
43983,high,suspended,US,2025-03-17 00:00:00
46317,high,suspended,FR,2024-07-24 00:00:00
19365,high,suspended,US,2025-02-10 00:00:00
4941,high,suspended,US,2024-08-12 00:00:00
1187,high,suspended,US,2024-11-17 00:00:00
29832,high,suspended,US,2024-07-10 00:00:00
31939,high,suspended,CA,2024-09-30 00:00:00
8457,high,suspended,US,2024-11-25 00:00:00
14195,high,suspended,CA,2024-11-11 00:00:00
34801,high,suspended,US,2024-08-25 00:00:00
9117,high,suspended,US,2025-04-22 00:00:00
23172,high,suspended,US,2024-07-16 00:00:00
13336,high,suspended,US,2025-05-29 00:00:00
36920,high,suspended,US,2025-05-10 00:00:00
15905,high,suspended,US,2025-04-24 00:00:00
34339,high,suspended,US,2024-11-19 00:00:00
28027,high,suspended,US,2025-01-15 00:00:00
3179,high,suspended,US,2024-06-06 00:00:00
36141,high,suspended,US,2024-10-14 00:00:00
24181,high,suspended,US,2024-09-16 00:00:00
34892,high,suspended,US,2024-10-06 00:00:00
26768,high,suspended,US,2025-05-21 00:00:00
104,high,suspended,UK,2024-07-05 00:00:00
44010,high,suspended,UK,2024-11-27 00:00:00
34859,high,suspended,US,2024-10-10 00:00:00
21001,high,suspended,US,2024-07-26 00:00:00
20949,high,suspended,US,2024-06-01 00:00:00
12364,high,suspended,US,2024-06-25 00:00:00
21755,high,suspended,US,2024-12-15 00:00:00
41697,high,suspended,CA,2025-01-11 00:00:00
37190,high,suspended,US,2025-01-01 00:00:00
23399,high,suspended,US,2024-08-25 00:00:00
27958,high,suspended,US,2024-12-29 00:00:00
36027,medium,suspended,UK,2025-02-08 00:00:00
46533,high,suspended,US,2024-12-11 00:00:00
7229,high,suspended,US,2024-11-27 00:00:00
2758,high,suspended,FR,2025-03-07 00:00:00
5927,high,suspended,UK,2024-12-10 00:00:00
36571,high,suspended,US,2024-07-22 00:00:00
49862,high,suspended,US,2025-02-01 00:00:00
28486,high,suspended,US,2025-03-23 00:00:00
9597,high,suspended,UK,2025-04-30 00:00:00
6672,high,suspended,CA,2025-05-18 00:00:00
31166,high,suspended,US,2024-09-24 00:00:00
37685,high,suspended,CA,2024-08-23 00:00:00
32880,high,suspended,US,2025-01-18 00:00:00
37451,high,suspended,UK,2024-07-08 00:00:00
39279,medium,suspended,UK,2024-06-18 00:00:00
27514,high,suspended,US,2024-10-29 00:00:00
9188,high,suspended,US,2024-06-11 00:00:00
42273,high,suspended,CA,2024-11-11 00:00:00
12672,high,suspended,US,2024-10-12 00:00:00
6843,high,suspended,US,2024-07-24 00:00:00
15880,high,suspended,CA,2024-07-08 00:00:00
47912,high,suspended,UK,2024-11-23 00:00:00
28964,high,suspended,UK,2024-08-27 00:00:00
19217,high,suspended,CA,2024-12-10 00:00:00
2303,high,suspended,US,2024-08-22 00:00:00
19850,high,suspended,US,2024-07-09 00:00:00
7632,high,suspended,CA,2025-03-08 00:00:00
42779,high,suspended,US,2024-07-18 00:00:00
3397,high,suspended,CA,2024-11-21 00:00:00
48472,high,suspended,US,2025-04-01 00:00:00
41649,high,suspended,US,2025-04-11 00:00:00
381,high,suspended,US,2025-02-03 00:00:00
37853,high,suspended,US,2025-05-27 00:00:00
4096,high,suspended,UK,2024-06-16 00:00:00
22198,high,suspended,DE,2025-01-07 00:00:00
3002,high,suspended,US,2025-05-01 00:00:00
7697,high,suspended,US,2024-08-24 00:00:00
31973,high,suspended,US,2025-04-07 00:00:00
8461,high,suspended,US,2025-01-09 00:00:00
5389,high,suspended,FR,2024-08-20 00:00:00
18670,high,suspended,UK,2024-06-28 00:00:00
42574,high,suspended,UK,2024-07-22 00:00:00
40682,high,suspended,UK,2024-11-17 00:00:00
22269,high,suspended,US,2024-09-14 00:00:00
47621,medium,suspended,CA,2024-09-06 00:00:00
6655,high,suspended,US,2024-12-27 00:00:00
42202,high,suspended,US,2025-05-23 00:00:00
30449,high,suspended,US,2025-03-11 00:00:00
48108,high,suspended,US,2025-03-04 00:00:00
47971,high,suspended,UK,2024-10-14 00:00:00
42494,high,suspended,US,2025-05-05 00:00:00
41860,high,suspended,US,2024-10-23 00:00:00
6263,high,suspended,CA,2024-10-31 00:00:00
49974,high,suspended,US,2024-09-30 00:00:00
31596,high,suspended,US,2024-07-20 00:00:00
18318,high,suspended,UK,2024-06-26 00:00:00
26572,high,suspended,US,2024-12-19 00:00:00
7995,high,suspended,CA,2025-03-20 00:00:00
8630,high,suspended,FR,2025-03-09 00:00:00
13021,high,suspended,DE,2025-02-07 00:00:00
24378,high,suspended,US,2024-08-18 00:00:00
44089,high,suspended,UK,2024-06-28 00:00:00
5268,high,suspended,CA,2024-12-02 00:00:00
6815,high,suspended,US,2024-06-02 00:00:00
49643,high,suspended,DE,2025-01-05 00:00:00
39462,high,suspended,DE,2024-07-15 00:00:00
40006,high,suspended,DE,2024-10-29 00:00:00
15290,high,suspended,US,2025-05-05 00:00:00
9392,high,suspended,FR,2025-04-17 00:00:00
13985,high,suspended,FR,2025-04-04 00:00:00
15096,high,suspended,US,2025-02-01 00:00:00
8317,high,suspended,UK,2024-09-11 00:00:00
8723,high,suspended,UK,2024-07-20 00:00:00
9807,high,suspended,US,2024-06-14 00:00:00
15621,high,suspended,US,2024-09-14 00:00:00
17132,high,suspended,US,2024-08-27 00:00:00
10365,high,suspended,CA,2025-04-23 00:00:00
3258,high,suspended,US,2024-10-28 00:00:00
25080,high,suspended,UK,2024-07-12 00:00:00
47427,high,suspended,US,2025-01-29 00:00:00
21005,high,suspended,US,2024-07-30 00:00:00
26212,high,suspended,UK,2024-11-05 00:00:00
53,high,suspended,US,2024-12-21 00:00:00
21678,high,suspended,CA,2025-01-28 00:00:00
3595,high,suspended,US,2025-02-06 00:00:00
38323,high,suspended,US,2025-05-05 00:00:00
12863,high,suspended,FR,2024-10-14 00:00:00
25844,high,suspended,FR,2024-07-17 00:00:00
35307,medium,suspended,US,2025-04-25 00:00:00
31852,high,suspended,US,2025-03-06 00:00:00
35514,high,suspended,US,2024-12-16 00:00:00
41757,high,suspended,FR,2024-09-03 00:00:00
38918,high,suspended,US,2024-12-07 00:00:00
3039,high,suspended,US,2024-12-13 00:00:00
20363,high,suspended,UK,2024-12-07 00:00:00
24580,high,suspended,US,2024-09-04 00:00:00
36586,high,suspended,UK,2025-01-15 00:00:00
4251,high,suspended,DE,2024-06-23 00:00:00
7628,high,suspended,FR,2024-10-13 00:00:00
21354,high,suspended,CA,2025-01-12 00:00:00
38112,high,suspended,US,2025-01-25 00:00:00
1849,high,suspended,US,2024-10-13 00:00:00
697,high,suspended,US,2024-09-24 00:00:00
35507,high,suspended,US,2024-10-16 00:00:00
17190,high,suspended,CA,2025-03-16 00:00:00
45748,high,suspended,US,2024-07-02 00:00:00
44070,high,suspended,CA,2024-08-17 00:00:00
21925,high,suspended,UK,2025-05-23 00:00:00
36599,high,suspended,US,2025-05-08 00:00:00
8329,medium,suspended,FR,2024-07-20 00:00:00
38313,high,suspended,US,2024-07-14 00:00:00
30174,high,suspended,US,2025-05-09 00:00:00
7430,high,suspended,UK,2024-11-24 00:00:00
84,high,suspended,UK,2025-03-05 00:00:00
12665,high,suspended,CA,2024-12-29 00:00:00
36613,high,suspended,FR,2025-03-29 00:00:00
27239,high,suspended,US,2024-09-25 00:00:00
45957,high,suspended,US,2025-03-11 00:00:00
28222,high,suspended,UK,2024-07-02 00:00:00
31999,high,suspended,US,2024-12-16 00:00:00
34207,high,suspended,US,2025-02-23 00:00:00
43886,medium,suspended,US,2025-01-01 00:00:00
37531,high,suspended,CA,2025-03-02 00:00:00
16752,high,suspended,CA,2025-05-18 00:00:00
21315,high,suspended,US,2025-01-30 00:00:00
15149,high,suspended,US,2025-03-21 00:00:00
15793,high,suspended,UK,2024-09-29 00:00:00
8386,high,suspended,CA,2025-01-30 00:00:00
40168,high,suspended,CA,2024-11-01 00:00:00
9546,high,suspended,US,2024-07-11 00:00:00
16565,high,suspended,CA,2024-12-20 00:00:00
33984,high,suspended,US,2025-06-01 00:00:00
15248,high,suspended,DE,2024-06-18 00:00:00
14554,high,suspended,US,2025-02-13 00:00:00
436,high,suspended,FR,2025-03-20 00:00:00
20427,high,suspended,UK,2025-02-20 00:00:00
46860,high,suspended,US,2025-03-20 00:00:00
28724,high,suspended,US,2025-05-13 00:00:00
18216,high,suspended,US,2025-04-14 00:00:00
5605,high,suspended,US,2024-08-15 00:00:00
1871,medium,suspended,CA,2024-08-01 00:00:00
34847,high,suspended,US,2025-01-16 00:00:00
38145,high,suspended,CA,2024-08-28 00:00:00
43107,high,suspended,US,2024-08-25 00:00:00
48655,high,suspended,UK,2024-09-17 00:00:00
30284,high,suspended,US,2024-09-07 00:00:00
35695,high,suspended,US,2024-08-04 00:00:00
6040,high,suspended,US,2024-06-22 00:00:00
46219,high,suspended,US,2025-01-03 00:00:00
6445,high,suspended,US,2024-07-11 00:00:00
37284,high,suspended,FR,2025-05-16 00:00:00
8276,high,suspended,US,2025-01-09 00:00:00
11310,high,suspended,US,2024-09-12 00:00:00
41808,high,suspended,US,2025-04-18 00:00:00
23429,high,suspended,US,2024-08-15 00:00:00
29551,high,suspended,US,2025-04-01 00:00:00
1635,high,suspended,DE,2024-10-11 00:00:00
28520,high,suspended,UK,2024-11-11 00:00:00
39318,high,suspended,CA,2024-07-05 00:00:00
28829,high,suspended,US,2024-07-15 00:00:00
45052,high,suspended,UK,2024-12-16 00:00:00
40482,high,suspended,US,2025-03-12 00:00:00
252,high,suspended,US,2024-12-21 00:00:00
25059,high,suspended,US,2025-03-10 00:00:00
43468,high,suspended,UK,2024-11-14 00:00:00
1102,high,suspended,US,2024-10-20 00:00:00
5975,high,suspended,FR,2025-02-22 00:00:00
20907,high,suspended,UK,2025-01-21 00:00:00
8189,high,suspended,US,2024-06-07 00:00:00
48009,medium,suspended,US,2025-05-25 00:00:00
26775,high,suspended,US,2025-04-16 00:00:00
45261,high,suspended,US,2025-03-28 00:00:00
47256,high,suspended,US,2025-02-23 00:00:00
46647,high,suspended,US,2025-01-01 00:00:00
45500,high,suspended,CA,2024-07-28 00:00:00
16814,high,suspended,US,2024-12-30 00:00:00
16302,high,suspended,US,2024-08-16 00:00:00
49518,high,suspended,US,2024-08-15 00:00:00
6452,high,suspended,CA,2025-03-18 00:00:00
10214,high,suspended,US,2025-03-29 00:00:00
36927,high,suspended,US,2025-03-26 00:00:00
47158,high,suspended,US,2024-07-22 00:00:00
43450,high,suspended,DE,2024-07-25 00:00:00
30934,high,suspended,US,2025-03-16 00:00:00
23327,high,suspended,FR,2024-07-22 00:00:00
7542,high,suspended,US,2024-10-25 00:00:00
14777,high,suspended,US,2025-03-02 00:00:00
16031,high,suspended,CA,2024-11-24 00:00:00
24695,high,suspended,US,2024-12-28 00:00:00
23389,high,suspended,US,2024-10-14 00:00:00
3497,high,suspended,US,2024-12-14 00:00:00
9983,high,suspended,CA,2025-05-02 00:00:00
22505,high,suspended,US,2025-02-04 00:00:00
17474,high,suspended,US,2025-03-20 00:00:00
6490,high,suspended,US,2025-04-08 00:00:00
9629,high,suspended,UK,2025-01-29 00:00:00
41993,high,suspended,DE,2024-06-20 00:00:00
25941,high,suspended,US,2024-08-28 00:00:00
37866,medium,suspended,UK,2024-10-20 00:00:00
39596,high,suspended,CA,2024-12-24 00:00:00
19223,high,suspended,UK,2024-08-13 00:00:00
31206,high,suspended,US,2025-04-13 00:00:00
36923,high,suspended,DE,2025-04-08 00:00:00
40658,high,suspended,US,2025-05-15 00:00:00
22715,high,suspended,US,2025-05-22 00:00:00
2033,high,suspended,UK,2024-12-23 00:00:00
36684,high,suspended,US,2024-06-20 00:00:00
16352,high,suspended,DE,2024-12-20 00:00:00
10315,high,suspended,US,2024-11-17 00:00:00
16183,high,suspended,US,2025-05-20 00:00:00
36312,high,suspended,US,2024-09-30 00:00:00
30789,high,suspended,US,2024-06-26 00:00:00
9626,high,suspended,US,2025-01-30 00:00:00
139,high,suspended,US,2024-10-16 00:00:00
20003,high,suspended,UK,2024-12-08 00:00:00
4179,high,suspended,US,2024-06-11 00:00:00
49026,high,suspended,FR,2024-11-20 00:00:00
1865,high,suspended,US,2024-11-03 00:00:00
43063,high,suspended,US,2024-11-07 00:00:00
43288,high,suspended,US,2024-10-22 00:00:00
21984,high,suspended,FR,2025-02-07 00:00:00
44688,high,suspended,UK,2025-05-23 00:00:00
37497,medium,suspended,US,2025-05-17 00:00:00
2020,high,suspended,UK,2024-07-21 00:00:00
36926,high,suspended,US,2024-09-25 00:00:00
18446,high,suspended,US,2024-08-08 00:00:00
46464,high,suspended,US,2024-11-01 00:00:00
24837,high,suspended,US,2025-01-13 00:00:00
34966,medium,suspended,CA,2024-11-12 00:00:00
24056,high,suspended,CA,2024-10-16 00:00:00
27055,high,suspended,US,2024-12-31 00:00:00
6081,high,suspended,US,2025-04-06 00:00:00
30870,high,suspended,US,2025-04-27 00:00:00
8252,high,suspended,US,2024-07-16 00:00:00
34997,high,suspended,US,2024-09-05 00:00:00
24163,high,suspended,US,2025-01-13 00:00:00
15778,high,suspended,US,2024-09-17 00:00:00
45320,high,suspended,FR,2024-12-26 00:00:00
49795,high,suspended,FR,2025-02-04 00:00:00
23349,high,suspended,FR,2025-02-20 00:00:00
6094,high,suspended,US,2024-12-09 00:00:00
6952,high,suspended,US,2024-06-29 00:00:00
8595,high,suspended,UK,2025-02-19 00:00:00
19238,high,suspended,DE,2024-08-21 00:00:00
8128,high,suspended,US,2024-07-04 00:00:00
39828,high,suspended,US,2024-11-07 00:00:00
3011,high,suspended,US,2025-05-30 00:00:00
15060,high,suspended,US,2025-02-15 00:00:00
16592,high,suspended,FR,2024-12-24 00:00:00
21554,high,suspended,US,2024-08-09 00:00:00
35384,high,suspended,US,2025-02-24 00:00:00
15583,high,suspended,US,2025-03-19 00:00:00
493,high,suspended,US,2024-06-15 00:00:00
26343,high,suspended,US,2024-08-28 00:00:00
36174,high,suspended,CA,2024-09-07 00:00:00
46596,high,suspended,CA,2024-09-11 00:00:00
41691,high,suspended,FR,2024-06-30 00:00:00
16998,high,suspended,US,2024-10-06 00:00:00
2434,high,suspended,UK,2024-06-17 00:00:00
43347,high,suspended,CA,2025-01-20 00:00:00
20174,high,suspended,US,2024-06-26 00:00:00
26987,high,suspended,US,2024-12-02 00:00:00
6503,high,suspended,DE,2025-05-27 00:00:00
40066,high,suspended,UK,2024-09-10 00:00:00
7234,high,suspended,US,2024-10-19 00:00:00
10618,high,suspended,DE,2024-12-06 00:00:00
3750,high,suspended,US,2025-01-24 00:00:00
26695,high,suspended,US,2025-02-14 00:00:00
20209,high,suspended,US,2024-12-21 00:00:00
10122,high,suspended,US,2025-04-22 00:00:00
88,high,suspended,US,2024-08-03 00:00:00
46643,high,suspended,CA,2025-05-15 00:00:00
27022,high,suspended,UK,2024-06-16 00:00:00
44615,medium,suspended,US,2024-10-02 00:00:00
20137,high,suspended,CA,2024-12-08 00:00:00
39208,high,suspended,US,2025-02-06 00:00:00
20278,high,suspended,US,2025-04-01 00:00:00
14358,high,suspended,US,2025-01-15 00:00:00
2060,high,suspended,US,2024-08-30 00:00:00
27752,high,suspended,US,2025-01-29 00:00:00
30212,high,suspended,US,2025-03-28 00:00:00
467,high,suspended,US,2025-03-10 00:00:00
21830,high,suspended,US,2024-11-27 00:00:00
13609,high,suspended,US,2024-11-24 00:00:00
7869,high,suspended,US,2024-08-23 00:00:00
27812,high,suspended,UK,2024-10-11 00:00:00
18524,high,suspended,US,2025-05-19 00:00:00
16394,high,suspended,UK,2024-07-17 00:00:00
22761,medium,suspended,US,2024-10-24 00:00:00
161,high,suspended,US,2024-06-15 00:00:00
48615,high,suspended,US,2024-12-15 00:00:00
39075,high,suspended,US,2024-06-26 00:00:00
16330,high,suspended,CA,2024-08-23 00:00:00
22809,high,suspended,US,2025-03-20 00:00:00
38180,medium,suspended,CA,2024-09-18 00:00:00
19686,high,suspended,US,2024-09-22 00:00:00
16606,high,suspended,DE,2025-04-28 00:00:00
43839,high,suspended,UK,2024-09-24 00:00:00
2832,high,suspended,US,2025-05-13 00:00:00
13127,high,suspended,UK,2024-09-14 00:00:00
3747,high,suspended,US,2024-10-16 00:00:00
44523,high,suspended,DE,2025-04-30 00:00:00
40411,high,suspended,US,2024-12-27 00:00:00
38082,high,suspended,UK,2025-02-18 00:00:00
40731,high,suspended,DE,2024-06-11 00:00:00
1297,high,suspended,US,2025-05-16 00:00:00
2793,high,suspended,US,2024-06-05 00:00:00
2879,high,suspended,FR,2025-01-29 00:00:00
20423,high,suspended,US,2024-08-07 00:00:00
48142,high,suspended,US,2025-04-28 00:00:00
23854,high,suspended,UK,2024-08-28 00:00:00
31456,high,suspended,DE,2025-04-04 00:00:00
10114,high,suspended,CA,2024-06-05 00:00:00
16144,high,suspended,US,2024-09-23 00:00:00
19214,high,suspended,US,2024-10-08 00:00:00
46359,high,suspended,US,2025-04-08 00:00:00
15821,high,suspended,US,2024-11-04 00:00:00
15798,high,suspended,DE,2025-05-31 00:00:00
35068,high,suspended,US,2025-05-30 00:00:00
5617,medium,suspended,CA,2025-04-26 00:00:00
16207,high,suspended,FR,2024-10-19 00:00:00
1807,high,suspended,US,2025-01-03 00:00:00
49538,high,suspended,US,2024-12-10 00:00:00
31453,high,suspended,US,2024-11-26 00:00:00
13179,high,suspended,US,2025-01-22 00:00:00
40856,high,suspended,US,2024-10-08 00:00:00
24870,high,suspended,UK,2024-09-20 00:00:00
18648,high,suspended,US,2025-01-25 00:00:00
14170,high,suspended,US,2024-11-02 00:00:00
18691,high,suspended,US,2025-05-13 00:00:00
45039,high,suspended,CA,2025-02-22 00:00:00
21721,high,suspended,UK,2025-04-16 00:00:00
28328,high,suspended,UK,2024-12-21 00:00:00
6659,high,suspended,US,2025-03-27 00:00:00
47493,high,suspended,DE,2024-07-23 00:00:00
43901,high,suspended,US,2024-06-04 00:00:00
4439,high,suspended,US,2025-02-17 00:00:00
46264,medium,suspended,US,2025-05-06 00:00:00
12322,high,suspended,UK,2024-12-09 00:00:00
38644,high,suspended,UK,2025-03-15 00:00:00
27601,high,suspended,UK,2025-04-28 00:00:00
25979,high,suspended,US,2025-04-01 00:00:00
41450,high,suspended,US,2025-04-08 00:00:00
35203,high,suspended,US,2024-10-23 00:00:00
34469,high,suspended,UK,2024-10-31 00:00:00
44387,high,suspended,DE,2025-05-17 00:00:00
31338,high,suspended,US,2024-07-26 00:00:00
21291,high,suspended,UK,2025-02-02 00:00:00
40717,high,suspended,US,2024-07-03 00:00:00
16978,high,suspended,US,2024-11-20 00:00:00
28712,high,suspended,FR,2024-10-20 00:00:00
43820,high,suspended,US,2025-04-24 00:00:00
48038,high,suspended,UK,2024-11-14 00:00:00
45970,high,suspended,US,2024-10-20 00:00:00
4642,high,suspended,US,2024-10-12 00:00:00
396,high,suspended,US,2025-05-02 00:00:00
19398,high,suspended,CA,2025-05-31 00:00:00
11801,high,suspended,UK,2025-04-30 00:00:00
10707,high,suspended,US,2024-10-31 00:00:00
12984,high,suspended,US,2024-09-05 00:00:00
29960,high,suspended,US,2024-08-16 00:00:00
274,high,suspended,UK,2025-02-20 00:00:00
22247,high,suspended,CA,2024-10-02 00:00:00
45327,high,suspended,DE,2024-06-30 00:00:00
26054,high,suspended,UK,2025-04-04 00:00:00
19404,high,suspended,US,2024-12-24 00:00:00
45082,high,suspended,UK,2025-05-05 00:00:00
19858,high,suspended,DE,2024-11-11 00:00:00
8713,high,suspended,FR,2025-05-15 00:00:00
22169,high,suspended,FR,2024-08-11 00:00:00
13740,high,suspended,US,2024-06-14 00:00:00
33055,high,suspended,CA,2025-05-02 00:00:00
22914,high,suspended,US,2025-02-10 00:00:00
31265,high,suspended,CA,2024-10-30 00:00:00
5735,high,suspended,US,2024-10-11 00:00:00
46288,high,suspended,UK,2025-01-01 00:00:00
4216,high,suspended,CA,2024-12-25 00:00:00
39711,high,suspended,US,2024-12-16 00:00:00
45356,high,suspended,US,2024-06-19 00:00:00
28972,high,suspended,FR,2025-03-26 00:00:00
13510,high,suspended,US,2025-05-29 00:00:00
41736,medium,suspended,US,2025-03-20 00:00:00
41770,high,suspended,US,2024-09-06 00:00:00
308,medium,suspended,DE,2024-11-23 00:00:00
17293,high,suspended,US,2025-06-01 00:00:00
33209,high,suspended,UK,2024-09-22 00:00:00
20662,high,suspended,US,2025-05-18 00:00:00
36673,high,suspended,FR,2025-03-01 00:00:00
5023,high,suspended,FR,2025-04-23 00:00:00
42724,high,suspended,US,2025-01-30 00:00:00
39366,high,suspended,US,2025-05-10 00:00:00
16220,high,suspended,US,2024-12-01 00:00:00
4701,high,suspended,US,2025-02-15 00:00:00
15634,high,suspended,US,2024-11-01 00:00:00
3985,high,suspended,US,2024-08-27 00:00:00
17655,high,suspended,US,2025-05-03 00:00:00
759,high,suspended,US,2025-03-13 00:00:00
45774,high,suspended,US,2024-09-01 00:00:00
36638,high,suspended,CA,2024-10-29 00:00:00
35036,high,suspended,US,2024-07-20 00:00:00
3262,high,suspended,US,2025-01-28 00:00:00
39981,high,suspended,US,2024-08-05 00:00:00
1180,high,suspended,UK,2024-10-11 00:00:00
47895,high,suspended,CA,2025-03-14 00:00:00
15066,high,suspended,US,2024-09-02 00:00:00
4933,high,suspended,US,2025-05-15 00:00:00
8073,medium,suspended,FR,2024-11-19 00:00:00
14577,high,suspended,US,2025-05-02 00:00:00
46455,high,suspended,FR,2024-07-16 00:00:00
2651,high,suspended,US,2024-09-22 00:00:00
24918,high,suspended,US,2024-11-29 00:00:00
8588,high,suspended,US,2024-09-23 00:00:00
6471,high,suspended,UK,2024-11-05 00:00:00
43973,high,suspended,US,2025-01-02 00:00:00
21404,high,suspended,US,2024-11-17 00:00:00
15948,high,suspended,UK,2024-12-08 00:00:00
33878,high,suspended,US,2024-10-12 00:00:00
47426,high,suspended,FR,2025-03-27 00:00:00
42247,high,suspended,US,2024-10-29 00:00:00
31413,high,suspended,US,2025-01-24 00:00:00
44076,high,suspended,UK,2024-07-31 00:00:00
10107,high,suspended,US,2025-01-27 00:00:00
46145,high,suspended,DE,2024-06-28 00:00:00
7636,high,suspended,UK,2025-04-21 00:00:00
4859,high,suspended,CA,2025-03-26 00:00:00
7390,high,suspended,US,2025-03-25 00:00:00
35883,high,suspended,US,2025-04-14 00:00:00
926,high,suspended,CA,2024-07-07 00:00:00
11337,high,suspended,US,2025-01-28 00:00:00
25277,high,suspended,US,2024-09-08 00:00:00
22338,high,suspended,CA,2025-02-12 00:00:00
15968,high,suspended,FR,2024-08-01 00:00:00
1508,high,suspended,UK,2025-05-15 00:00:00
45490,high,suspended,UK,2024-12-13 00:00:00
29824,high,suspended,UK,2025-02-27 00:00:00
26676,high,suspended,US,2024-10-31 00:00:00
29777,high,suspended,UK,2024-12-29 00:00:00
39659,high,suspended,US,2024-06-28 00:00:00
17968,high,suspended,FR,2024-08-17 00:00:00
22897,high,suspended,CA,2024-08-10 00:00:00
43129,high,suspended,UK,2024-09-11 00:00:00
27256,high,suspended,CA,2024-11-23 00:00:00
45056,high,suspended,US,2024-12-27 00:00:00
26097,high,suspended,DE,2025-03-19 00:00:00
43273,high,suspended,UK,2025-01-21 00:00:00
28440,high,suspended,US,2024-08-13 00:00:00
25130,high,suspended,UK,2024-11-09 00:00:00
22095,medium,suspended,CA,2024-09-01 00:00:00
13584,high,suspended,DE,2024-07-12 00:00:00
950,medium,suspended,FR,2025-02-05 00:00:00
5811,high,suspended,US,2024-11-18 00:00:00
15498,medium,suspended,US,2025-04-20 00:00:00
44756,high,suspended,US,2024-08-30 00:00:00
45526,high,suspended,US,2024-11-08 00:00:00
4499,high,suspended,US,2025-04-21 00:00:00
34608,high,suspended,CA,2024-06-30 00:00:00
27416,high,suspended,US,2024-06-03 00:00:00
19892,high,suspended,DE,2025-01-18 00:00:00
17379,high,suspended,US,2024-10-19 00:00:00
9203,high,suspended,US,2024-09-16 00:00:00
19124,high,suspended,US,2024-08-26 00:00:00
40306,high,suspended,FR,2025-03-23 00:00:00
37391,high,suspended,US,2024-08-21 00:00:00
45814,high,suspended,US,2025-02-06 00:00:00
29266,high,suspended,US,2024-07-16 00:00:00
29335,high,suspended,US,2024-08-06 00:00:00
10470,high,suspended,US,2025-04-11 00:00:00
43154,high,suspended,US,2025-01-09 00:00:00
32848,high,suspended,US,2025-04-21 00:00:00
3906,high,suspended,UK,2025-01-06 00:00:00
4544,high,suspended,US,2024-12-24 00:00:00
30780,high,suspended,US,2025-01-06 00:00:00
7712,high,suspended,CA,2025-01-31 00:00:00
26336,high,suspended,US,2024-12-14 00:00:00
11564,high,suspended,US,2024-06-03 00:00:00
32577,high,suspended,US,2024-06-20 00:00:00
21458,high,suspended,US,2025-03-01 00:00:00
37502,high,suspended,US,2024-09-11 00:00:00
33246,high,suspended,US,2024-12-09 00:00:00
21179,high,suspended,US,2024-06-08 00:00:00
8353,high,suspended,FR,2024-11-12 00:00:00
18464,high,suspended,UK,2025-02-27 00:00:00
23009,high,suspended,DE,2024-09-06 00:00:00
36259,high,suspended,US,2024-06-10 00:00:00
3385,high,suspended,US,2025-05-13 00:00:00
48493,high,suspended,US,2024-06-03 00:00:00
24966,high,suspended,UK,2025-04-17 00:00:00
22347,high,suspended,CA,2024-10-06 00:00:00
1079,high,suspended,US,2024-09-24 00:00:00
21742,high,suspended,US,2025-05-22 00:00:00
26559,high,suspended,CA,2024-11-24 00:00:00
39404,high,suspended,US,2024-11-07 00:00:00
24801,high,suspended,US,2024-08-06 00:00:00
15828,high,suspended,UK,2024-07-23 00:00:00
42652,high,suspended,US,2024-12-14 00:00:00
29875,high,suspended,DE,2025-02-13 00:00:00
12471,high,suspended,US,2025-03-29 00:00:00
1802,high,suspended,US,2024-11-04 00:00:00
30916,high,suspended,US,2024-08-25 00:00:00
48336,high,suspended,US,2024-07-04 00:00:00
23489,high,suspended,US,2024-06-24 00:00:00
30578,high,suspended,DE,2024-10-31 00:00:00
4228,high,suspended,CA,2024-10-27 00:00:00
40323,high,suspended,US,2025-01-20 00:00:00
19024,high,suspended,UK,2025-02-22 00:00:00
33038,high,suspended,DE,2025-04-02 00:00:00
37414,high,suspended,DE,2025-02-24 00:00:00
49041,high,suspended,UK,2024-11-20 00:00:00
9455,high,suspended,UK,2025-01-09 00:00:00
3789,high,suspended,FR,2025-05-18 00:00:00
11399,high,suspended,US,2024-08-08 00:00:00
39322,high,suspended,US,2024-11-23 00:00:00
27280,high,suspended,US,2025-02-06 00:00:00
47294,high,suspended,US,2024-12-01 00:00:00
28220,high,suspended,US,2024-09-05 00:00:00
28117,high,suspended,CA,2024-08-24 00:00:00
8000,high,suspended,FR,2024-12-24 00:00:00
35231,high,suspended,US,2024-06-10 00:00:00
6732,high,suspended,US,2024-09-25 00:00:00
3739,high,suspended,DE,2024-09-23 00:00:00
6660,high,suspended,US,2024-08-07 00:00:00
1913,high,suspended,FR,2024-09-17 00:00:00
3685,high,suspended,US,2024-06-12 00:00:00
3669,high,suspended,US,2025-03-29 00:00:00
18286,high,suspended,UK,2025-02-14 00:00:00
38043,high,suspended,DE,2024-08-26 00:00:00
3653,high,suspended,US,2024-08-03 00:00:00
34026,high,suspended,US,2024-12-05 00:00:00
43317,high,suspended,CA,2025-05-31 00:00:00
30811,high,suspended,US,2025-04-30 00:00:00
13824,high,suspended,UK,2024-06-20 00:00:00
43178,high,suspended,US,2024-12-10 00:00:00
10373,high,suspended,UK,2025-04-24 00:00:00
23568,high,suspended,US,2024-10-09 00:00:00
48704,high,suspended,DE,2025-03-01 00:00:00
42022,high,suspended,FR,2025-04-16 00:00:00
48553,high,suspended,US,2024-06-25 00:00:00
26910,high,suspended,UK,2025-04-01 00:00:00
43457,high,suspended,FR,2024-06-25 00:00:00
20447,high,suspended,US,2025-05-05 00:00:00
25149,high,suspended,US,2024-07-26 00:00:00
29461,high,suspended,US,2025-05-01 00:00:00
14553,high,suspended,US,2024-06-11 00:00:00
31573,high,suspended,US,2024-06-25 00:00:00
32397,high,suspended,UK,2025-05-20 00:00:00
4367,medium,suspended,US,2024-07-30 00:00:00
42123,high,suspended,US,2024-12-31 00:00:00
5518,high,suspended,UK,2025-01-14 00:00:00
23143,high,suspended,US,2024-12-12 00:00:00
41484,high,suspended,US,2024-08-03 00:00:00
35580,high,suspended,US,2025-03-08 00:00:00
41851,high,suspended,UK,2024-10-08 00:00:00
16574,high,suspended,DE,2025-01-29 00:00:00
17952,high,suspended,US,2025-05-26 00:00:00
13024,high,suspended,UK,2024-08-18 00:00:00
10019,high,suspended,FR,2024-09-14 00:00:00
5506,high,suspended,US,2025-05-22 00:00:00
27920,high,suspended,DE,2025-05-18 00:00:00
38253,high,suspended,US,2025-04-19 00:00:00
13834,high,suspended,FR,2024-06-05 00:00:00
47506,high,suspended,US,2024-11-02 00:00:00
12161,high,suspended,DE,2025-01-02 00:00:00
353,high,suspended,DE,2025-05-05 00:00:00
9129,high,suspended,US,2024-07-22 00:00:00
31994,high,suspended,CA,2025-05-06 00:00:00
41300,high,suspended,UK,2025-02-22 00:00:00
31099,high,suspended,US,2024-10-17 00:00:00
32388,high,suspended,US,2025-04-15 00:00:00
6536,high,suspended,US,2025-04-07 00:00:00
17086,high,suspended,US,2025-05-25 00:00:00
30880,high,suspended,US,2024-08-10 00:00:00
9596,high,suspended,US,2025-01-01 00:00:00
34022,high,suspended,CA,2024-07-24 00:00:00
40353,high,suspended,US,2025-02-17 00:00:00
22406,high,suspended,US,2025-04-13 00:00:00
8992,high,suspended,CA,2024-07-31 00:00:00
31184,high,suspended,CA,2024-10-23 00:00:00
6752,high,suspended,CA,2024-07-29 00:00:00
19620,high,suspended,US,2024-07-25 00:00:00
12612,high,suspended,DE,2025-02-10 00:00:00
26865,high,suspended,US,2024-09-10 00:00:00
45452,high,suspended,US,2025-04-08 00:00:00
42581,high,suspended,US,2024-09-11 00:00:00
41701,high,suspended,CA,2024-10-13 00:00:00
20428,high,suspended,US,2025-02-23 00:00:00
5925,high,suspended,US,2024-09-12 00:00:00
20675,high,suspended,US,2024-12-01 00:00:00
42180,high,suspended,US,2025-05-27 00:00:00
3738,high,suspended,US,2024-12-27 00:00:00
39978,high,suspended,US,2024-10-30 00:00:00
49750,high,suspended,CA,2024-08-22 00:00:00
6771,high,suspended,US,2024-06-21 00:00:00
41731,high,suspended,CA,2025-03-08 00:00:00
6485,high,suspended,US,2025-02-10 00:00:00
25023,high,suspended,US,2024-09-15 00:00:00
12389,medium,suspended,US,2025-05-19 00:00:00
27030,high,suspended,DE,2025-02-02 00:00:00
11177,high,suspended,FR,2024-11-17 00:00:00
27194,high,suspended,US,2024-09-29 00:00:00
15637,high,suspended,UK,2024-06-02 00:00:00
20377,high,suspended,US,2024-06-07 00:00:00
36083,high,suspended,UK,2025-05-10 00:00:00
25984,high,suspended,US,2024-07-16 00:00:00
13544,high,suspended,UK,2024-07-27 00:00:00
40252,high,suspended,US,2025-03-21 00:00:00
47036,high,suspended,US,2025-05-09 00:00:00
12199,high,suspended,US,2025-02-08 00:00:00
21047,high,suspended,US,2024-08-16 00:00:00
32448,high,suspended,UK,2024-07-17 00:00:00
8614,high,suspended,DE,2025-02-17 00:00:00
6229,high,suspended,US,2024-07-09 00:00:00
43092,high,suspended,US,2024-07-22 00:00:00
17203,high,suspended,US,2024-10-10 00:00:00
13486,high,suspended,US,2025-04-26 00:00:00
6557,high,suspended,US,2024-09-27 00:00:00
7578,high,suspended,US,2025-01-20 00:00:00
25251,high,suspended,DE,2024-10-30 00:00:00
5040,high,suspended,FR,2024-10-14 00:00:00
6193,high,suspended,UK,2025-01-24 00:00:00
16297,high,suspended,US,2024-06-26 00:00:00
49782,high,suspended,US,2024-07-22 00:00:00
44032,high,suspended,US,2024-08-29 00:00:00
42660,high,suspended,CA,2024-06-21 00:00:00
37547,high,suspended,US,2024-10-27 00:00:00
9263,high,suspended,US,2024-12-02 00:00:00
37539,high,suspended,CA,2025-05-13 00:00:00
30588,high,suspended,US,2024-11-08 00:00:00
24472,medium,suspended,US,2025-01-05 00:00:00
19419,high,suspended,FR,2024-07-30 00:00:00
12954,high,suspended,UK,2024-07-19 00:00:00
10412,high,suspended,CA,2024-06-24 00:00:00
47007,high,suspended,US,2024-06-05 00:00:00
5955,high,suspended,UK,2024-08-10 00:00:00
43007,high,suspended,CA,2025-05-06 00:00:00
11417,high,suspended,UK,2025-04-28 00:00:00
11201,high,suspended,US,2024-08-27 00:00:00
27630,high,suspended,US,2024-11-16 00:00:00
574,high,suspended,US,2024-12-01 00:00:00
5170,high,suspended,FR,2025-01-11 00:00:00
29443,high,suspended,CA,2025-04-15 00:00:00
1658,high,suspended,US,2024-10-16 00:00:00
23862,high,suspended,US,2024-07-18 00:00:00
34873,high,suspended,CA,2024-12-08 00:00:00
22197,high,suspended,US,2024-11-23 00:00:00
33944,high,suspended,CA,2024-09-02 00:00:00
8878,high,suspended,US,2024-07-29 00:00:00
24299,high,suspended,US,2024-12-23 00:00:00
7901,high,suspended,US,2024-12-22 00:00:00
22165,high,suspended,US,2025-01-20 00:00:00
36236,high,suspended,US,2024-10-18 00:00:00
35055,high,suspended,US,2024-12-15 00:00:00
25128,high,suspended,US,2025-05-20 00:00:00
34887,high,suspended,US,2025-01-31 00:00:00
10594,high,suspended,US,2025-01-02 00:00:00
26928,high,suspended,UK,2025-04-29 00:00:00
39190,high,suspended,US,2024-08-25 00:00:00
6147,high,suspended,US,2024-07-28 00:00:00
24279,high,suspended,US,2024-08-07 00:00:00
20297,high,suspended,US,2025-05-23 00:00:00
38800,high,suspended,US,2024-07-01 00:00:00
21138,high,suspended,US,2024-08-21 00:00:00
356,high,suspended,US,2024-07-24 00:00:00
44529,medium,suspended,US,2024-12-31 00:00:00
20608,high,suspended,UK,2025-03-30 00:00:00
43324,high,suspended,US,2025-02-03 00:00:00
259,high,suspended,US,2025-03-19 00:00:00
1280,high,suspended,CA,2025-05-14 00:00:00
37307,high,suspended,CA,2025-01-11 00:00:00
23351,high,suspended,CA,2024-09-01 00:00:00
40055,high,suspended,CA,2025-04-09 00:00:00
21593,high,suspended,US,2024-12-12 00:00:00
13412,high,suspended,US,2024-12-01 00:00:00
27962,high,suspended,CA,2025-04-10 00:00:00
11843,high,suspended,US,2024-06-15 00:00:00
45415,high,suspended,US,2025-05-17 00:00:00
23022,high,suspended,US,2024-08-06 00:00:00
14453,high,suspended,FR,2025-02-03 00:00:00
31399,high,suspended,US,2025-02-05 00:00:00
4215,high,suspended,US,2024-07-28 00:00:00
36977,high,suspended,UK,2024-12-28 00:00:00
34957,high,suspended,US,2025-01-12 00:00:00
809,high,suspended,DE,2024-06-24 00:00:00
21562,high,suspended,US,2024-07-03 00:00:00
39203,high,suspended,US,2024-10-12 00:00:00
27407,high,suspended,US,2025-05-02 00:00:00
20959,high,suspended,US,2024-11-08 00:00:00
10622,high,suspended,US,2024-06-07 00:00:00
24555,high,suspended,US,2025-05-27 00:00:00
11255,high,suspended,US,2025-05-14 00:00:00
33940,high,suspended,US,2025-02-24 00:00:00
16643,high,suspended,DE,2025-03-23 00:00:00
41271,high,suspended,US,2025-03-17 00:00:00
26377,high,suspended,UK,2024-09-23 00:00:00
11323,high,suspended,US,2025-05-09 00:00:00
4241,high,suspended,US,2024-11-21 00:00:00
36837,high,suspended,CA,2025-02-21 00:00:00
7466,medium,suspended,US,2025-02-23 00:00:00
32219,high,suspended,US,2025-05-19 00:00:00
22571,high,suspended,US,2025-05-25 00:00:00
19337,high,suspended,UK,2025-04-13 00:00:00
48449,high,suspended,US,2024-07-19 00:00:00
36595,high,suspended,UK,2025-01-08 00:00:00
20241,high,suspended,US,2025-05-05 00:00:00
49808,high,suspended,US,2024-10-06 00:00:00
48850,high,suspended,FR,2025-02-02 00:00:00
15757,high,suspended,US,2024-11-25 00:00:00
